candidate_bb_pae,candidate_binder_ptm,candidate_bt_iptm,candidate_bt_pae,candidate_charge_target_charge_per_residue,candidate_ipsae_min,candidate_iptm,candidate_loss_binder_ptm,candidate_loss_binder_target_iptm,candidate_loss_binder_target_pae,candidate_loss_charge_target,candidate_loss_ipsae_min,candidate_loss_iptm,candidate_loss_plddt,candidate_loss_protenix_contact,candidate_loss_solubility_limit,candidate_loss_target_binder_pae,candidate_loss_trigram_naturalness,candidate_loss_within_binder_pae,candidate_plddt,candidate_sample_index,candidate_sample_temperature,candidate_sample_top_k,candidate_solubility_limit_hydrophobic_excess,candidate_solubility_limit_hydrophobic_mean,candidate_target_contact,candidate_tb_pae,candidate_trigram_naturalness_trigram_ll,method,method_aux_slack,method_cone_denominator,method_id,method_max_aux_harms,method_min_primary_descent_ratio,score_mode,seed,sequence,sequence_entropy
12.1316499710083,0.2900213301181793,0.07585018128156662,18.836902618408203,0.125,0.06881042569875717,0.11398078501224518,-0.2900213301181793,-0.07585018128156662,18.836902618408203,0.004224999807775021,-0.06881042569875717,-0.11398078501224518,-0.4031537175178528,3.5911166667938232,0.04879586026072502,16.573877334594727,3.478116273880005,12.1316499710083,0.4031537175178528,0,0.0,0,0.03333333134651184,0.3333333432674408,-3.5911166667938232,16.573877334594727,-3.478116273880005,naive_weighted,0.02,8,M3,1,0.0,argmax,0,RFWFPPTYEVNGKNCNFNTRPFWK,3.4999297895410564e-06
7.990877151489258,0.5427700877189636,0.35647499561309814,11.74193000793457,0.04053902626037598,0.16857145726680756,0.4653882384300232,-0.5427700877189636,-0.35647499561309814,11.74193000793457,0.00037872945540584624,-0.16857145726680756,-0.4653882384300232,-0.6330870389938354,2.846646785736084,0.040307726711034775,12.95358943939209,3.21480393409729,7.990877151489258,0.6330870389938354,0,0.0,0,0.020384490489959717,0.32038450241088867,-2.846646785736084,12.95358943939209,-3.21480393409729,naive_weighted,0.02,8,M3,1,0.0,soft,0,RFWFPPTYEVNGKNCNFNTRPFWK,2.301180362701416
11.00379467010498,0.34302854537963867,0.1685132384300232,17.276514053344727,0.125,0.2022327184677124,0.2110489010810852,-0.34302854537963867,-0.1685132384300232,17.276514053344727,0.004224999807775021,-0.2022327184677124,-0.2110489010810852,-0.4457906484603882,3.4040331840515137,0.04879586026072502,15.366987228393555,3.5001332759857178,11.00379467010498,0.4457906484603882,0,0.25,4,0.03333333134651184,0.3333333432674408,-3.4040331840515137,15.366987228393555,-3.5001332759857178,naive_weighted,0.02,8,M3,1,0.0,topk_sample,0,RVWFPPSYEVNSKNCNFNTRPYWK,3.4999297895410564e-06
11.385571479797363,0.3231893479824066,0.11465492099523544,17.046321868896484,0.0833333358168602,0.1808217316865921,0.1302914321422577,-0.3231893479824066,-0.11465492099523544,17.046321868896484,0.0005444445996545255,-0.1808217316865921,-0.1302914321422577,-0.44472259283065796,3.237786054611206,0.08137406408786774,16.446374893188477,3.358309745788574,11.385571479797363,0.44472259283065796,1,0.25,4,0.07499998807907104,0.375,-3.237786054611206,16.446374893188477,-3.358309745788574,naive_weighted,0.02,8,M3,1,0.0,topk_sample,0,RIHVRDTYEVNGRNINFITRPFWT,3.4999297895410564e-06
12.182717323303223,0.3009853959083557,0.15145908296108246,18.311126708984375,0.0416666679084301,0.26180797815322876,0.19144901633262634,-0.3009853959083557,-0.15145908296108246,18.311126708984375,0.0003361110284458846,-0.26180797815322876,-0.19144901633262634,-0.40997570753097534,3.439208745956421,0.010970099829137325,16.78327751159668,3.628995180130005,12.182717323303223,0.40997570753097534,2,0.25,4,-0.050000011920928955,0.25,-3.439208745956421,16.78327751159668,-3.628995180130005,naive_weighted,0.02,8,M3,1,0.0,topk_sample,0,RIWFPDNYKCNGKDGQFNTRPYPD,3.4999297895410564e-06
12.084897994995117,0.30019134283065796,0.07521241158246994,18.876028060913086,0.0,0.0,0.08549359440803528,-0.30019134283065796,-0.07521241158246994,18.876028060913086,0.003599999938160181,-0.0,-0.08549359440803528,-0.3951583802700043,3.738248586654663,0.024922456592321396,18.17348861694336,3.2795188426971436,12.084897994995117,0.3951583802700043,3,0.25,4,-0.008333325386047363,0.2916666865348816,-3.738248586654663,18.17348861694336,-3.2795188426971436,naive_weighted,0.02,8,M3,1,0.0,topk_sample,0,RFHFRPTYEVNSPNCQFNTYPFPD,3.4999297895410564e-06
12.02752685546875,0.3052651584148407,0.09689266979694366,18.381845474243164,0.1666666716337204,0.06631360203027725,0.12236538529396057,-0.3052651584148407,-0.09689266979694366,18.381845474243164,0.01137777790427208,-0.06631360203027725,-0.12236538529396057,-0.4276903569698334,3.7215771675109863,0.010970099829137325,16.596317291259766,3.2698864936828613,12.02752685546875,0.4276903569698334,4,0.25,4,-0.050000011920928955,0.25,-3.7215771675109863,16.596317291259766,-3.2698864936828613,naive_weighted,0.02,8,M3,1,0.0,topk_sample,0,RFWFRPTYEVNSKNCNCNTRPFPK,3.4999297895410564e-06
11.22439956665039,0.34779420495033264,0.0763980969786644,18.398401260375977,0.0833333358168602,0.0,0.08714988827705383,-0.34779420495033264,-0.0763980969786644,18.398401260375977,0.0005444445996545255,-0.0,-0.08714988827705383,-0.4244559407234192,3.8754091262817383,0.010970099829137325,18.003196716308594,3.3938655853271484,11.22439956665039,0.4244559407234192,5,0.25,4,-0.050000011920928955,0.25,-3.8754091262817383,18.003196716308594,-3.3938655853271484,naive_weighted,0.02,8,M3,1,0.0,topk_sample,0,RVHVRPTGEVNGPNGTFNTRPFWT,3.4999297895410564e-06
10.23598575592041,0.36960870027542114,0.22379153966903687,16.240522384643555,0.0833333358168602,0.26483824849128723,0.28471723198890686,-0.36960870027542114,-0.22379153966903687,16.240522384643555,0.0005444445996545255,-0.26483824849128723,-0.28471723198890686,-0.46712467074394226,3.2785515785217285,0.11912637948989868,14.401655197143555,3.708984375,10.23598575592041,0.46712467074394226,6,0.25,4,0.11666667461395264,0.4166666865348816,-3.2785515785217285,14.401655197143555,-3.708984375,naive_weighted,0.02,8,M3,1,0.0,topk_sample,0,RVWFPPNYKVNGPECQFITYPLWK,3.4999297895410564e-06
10.169998168945312,0.37287065386772156,0.23192471265792847,15.741145133972168,0.0833333358168602,0.25472787022590637,0.2982322871685028,-0.37287065386772156,-0.23192471265792847,15.741145133972168,0.0005444445996545255,-0.25472787022590637,-0.2982322871685028,-0.4749998450279236,3.158690929412842,0.024922456592321396,15.335432052612305,3.4426937103271484,10.169998168945312,0.4749998450279236,7,0.25,4,-0.008333325386047363,0.2916666865348816,-3.158690929412842,15.335432052612305,-3.4426937103271484,naive_weighted,0.02,8,M3,1,0.0,topk_sample,0,RVWFPSNYKPNSPEGQFNTFPFGK,3.4999297895410564e-06
12.1316499710083,0.2900213301181793,0.07585018128156662,18.836902618408203,0.125,0.06881042569875717,0.11398078501224518,-0.2900213301181793,-0.07585018128156662,18.836902618408203,0.004224999807775021,-0.06881042569875717,-0.11398078501224518,-0.4031537175178528,3.5911166667938232,0.04879586026072502,16.573877334594727,3.478116273880005,12.1316499710083,0.4031537175178528,0,0.0,0,0.03333333134651184,0.3333333432674408,-3.5911166667938232,16.573877334594727,-3.478116273880005,contact_preserving_soft_cone,0.0,8,M7a,0,0.25,argmax,0,RFWFPPTYEVNGKNCNFNTRPFWK,3.4999297895410564e-06
7.990877151489258,0.5427700877189636,0.35647499561309814,11.74193000793457,0.04053902626037598,0.16857145726680756,0.4653882384300232,-0.5427700877189636,-0.35647499561309814,11.74193000793457,0.00037872945540584624,-0.16857145726680756,-0.4653882384300232,-0.6330870389938354,2.846646785736084,0.040307726711034775,12.95358943939209,3.21480393409729,7.990877151489258,0.6330870389938354,0,0.0,0,0.020384490489959717,0.32038450241088867,-2.846646785736084,12.95358943939209,-3.21480393409729,contact_preserving_soft_cone,0.0,8,M7a,0,0.25,soft,0,RFWFPPTYEVNGKNCNFNTRPFWK,2.301180362701416
11.00379467010498,0.34302854537963867,0.1685132384300232,17.276514053344727,0.125,0.2022327184677124,0.2110489010810852,-0.34302854537963867,-0.1685132384300232,17.276514053344727,0.004224999807775021,-0.2022327184677124,-0.2110489010810852,-0.4457906484603882,3.4040331840515137,0.04879586026072502,15.366987228393555,3.5001332759857178,11.00379467010498,0.4457906484603882,0,0.25,4,0.03333333134651184,0.3333333432674408,-3.4040331840515137,15.366987228393555,-3.5001332759857178,contact_preserving_soft_cone,0.0,8,M7a,0,0.25,topk_sample,0,RVWFPPSYEVNSKNCNFNTRPYWK,3.4999297895410564e-06
11.385571479797363,0.3231893479824066,0.11465492099523544,17.046321868896484,0.0833333358168602,0.1808217316865921,0.1302914321422577,-0.3231893479824066,-0.11465492099523544,17.046321868896484,0.0005444445996545255,-0.1808217316865921,-0.1302914321422577,-0.44472259283065796,3.237786054611206,0.08137406408786774,16.446374893188477,3.358309745788574,11.385571479797363,0.44472259283065796,1,0.25,4,0.07499998807907104,0.375,-3.237786054611206,16.446374893188477,-3.358309745788574,contact_preserving_soft_cone,0.0,8,M7a,0,0.25,topk_sample,0,RIHVRDTYEVNGRNINFITRPFWT,3.4999297895410564e-06
12.182717323303223,0.3009853959083557,0.15145908296108246,18.311126708984375,0.0416666679084301,0.26180797815322876,0.19144901633262634,-0.3009853959083557,-0.15145908296108246,18.311126708984375,0.0003361110284458846,-0.26180797815322876,-0.19144901633262634,-0.40997570753097534,3.439208745956421,0.010970099829137325,16.78327751159668,3.628995180130005,12.182717323303223,0.40997570753097534,2,0.25,4,-0.050000011920928955,0.25,-3.439208745956421,16.78327751159668,-3.628995180130005,contact_preserving_soft_cone,0.0,8,M7a,0,0.25,topk_sample,0,RIWFPDNYKCNGKDGQFNTRPYPD,3.4999297895410564e-06
12.084897994995117,0.30019134283065796,0.07521241158246994,18.876028060913086,0.0,0.0,0.08549359440803528,-0.30019134283065796,-0.07521241158246994,18.876028060913086,0.003599999938160181,-0.0,-0.08549359440803528,-0.3951583802700043,3.738248586654663,0.024922456592321396,18.17348861694336,3.2795188426971436,12.084897994995117,0.3951583802700043,3,0.25,4,-0.008333325386047363,0.2916666865348816,-3.738248586654663,18.17348861694336,-3.2795188426971436,contact_preserving_soft_cone,0.0,8,M7a,0,0.25,topk_sample,0,RFHFRPTYEVNSPNCQFNTYPFPD,3.4999297895410564e-06
12.02752685546875,0.3052651584148407,0.09689266979694366,18.381845474243164,0.1666666716337204,0.06631360203027725,0.12236538529396057,-0.3052651584148407,-0.09689266979694366,18.381845474243164,0.01137777790427208,-0.06631360203027725,-0.12236538529396057,-0.4276903569698334,3.7215771675109863,0.010970099829137325,16.596317291259766,3.2698864936828613,12.02752685546875,0.4276903569698334,4,0.25,4,-0.050000011920928955,0.25,-3.7215771675109863,16.596317291259766,-3.2698864936828613,contact_preserving_soft_cone,0.0,8,M7a,0,0.25,topk_sample,0,RFWFRPTYEVNSKNCNCNTRPFPK,3.4999297895410564e-06
11.22439956665039,0.34779420495033264,0.0763980969786644,18.398401260375977,0.0833333358168602,0.0,0.08714988827705383,-0.34779420495033264,-0.0763980969786644,18.398401260375977,0.0005444445996545255,-0.0,-0.08714988827705383,-0.4244559407234192,3.8754091262817383,0.010970099829137325,18.003196716308594,3.3938655853271484,11.22439956665039,0.4244559407234192,5,0.25,4,-0.050000011920928955,0.25,-3.8754091262817383,18.003196716308594,-3.3938655853271484,contact_preserving_soft_cone,0.0,8,M7a,0,0.25,topk_sample,0,RVHVRPTGEVNGPNGTFNTRPFWT,3.4999297895410564e-06
10.23598575592041,0.36960870027542114,0.22379153966903687,16.240522384643555,0.0833333358168602,0.26483824849128723,0.28471723198890686,-0.36960870027542114,-0.22379153966903687,16.240522384643555,0.0005444445996545255,-0.26483824849128723,-0.28471723198890686,-0.46712467074394226,3.2785515785217285,0.11912637948989868,14.401655197143555,3.708984375,10.23598575592041,0.46712467074394226,6,0.25,4,0.11666667461395264,0.4166666865348816,-3.2785515785217285,14.401655197143555,-3.708984375,contact_preserving_soft_cone,0.0,8,M7a,0,0.25,topk_sample,0,RVWFPPNYKVNGPECQFITYPLWK,3.4999297895410564e-06
10.169998168945312,0.37287065386772156,0.23192471265792847,15.741145133972168,0.0833333358168602,0.25472787022590637,0.2982322871685028,-0.37287065386772156,-0.23192471265792847,15.741145133972168,0.0005444445996545255,-0.25472787022590637,-0.2982322871685028,-0.4749998450279236,3.158690929412842,0.024922456592321396,15.335432052612305,3.4426937103271484,10.169998168945312,0.4749998450279236,7,0.25,4,-0.008333325386047363,0.2916666865348816,-3.158690929412842,15.335432052612305,-3.4426937103271484,contact_preserving_soft_cone,0.0,8,M7a,0,0.25,topk_sample,0,RVWFPSNYKPNSPEGQFNTFPFGK,3.4999297895410564e-06
8.356609344482422,0.46929532289505005,0.3300475478172302,12.826831817626953,0.0833333358168602,0.14510577917099,0.41396063566207886,-0.46929532289505005,-0.3300475478172302,12.826831817626953,0.0005444445996545255,-0.14510577917099,-0.41396063566207886,-0.5628078579902649,3.0632495880126953,0.11912637948989868,13.222119331359863,3.220747709274292,8.356609344482422,0.5628078579902649,0,0.0,0,0.11666667461395264,0.4166666865348816,-3.0632495880126953,13.222119331359863,-3.220747709274292,contact_preserving_soft_cone,0.08,10,M7c,1,0.6,argmax,0,RMRFRPEYEVDGKNCKFITFWFWP,3.4999297895410564e-06
9.479951858520508,0.4987785816192627,0.2955870032310486,13.344294548034668,0.05972357094287872,0.21538835763931274,0.4429194927215576,-0.4987785816192627,-0.2955870032310486,13.344294548034668,7.641228449983828e-08,-0.21538835763931274,-0.4429194927215576,-0.5664846897125244,2.6106314659118652,0.047566305845975876,13.892766952514648,3.2106635570526123,9.479951858520508,0.5664846897125244,0,0.0,0,0.03153926134109497,0.3315392732620239,-2.6106314659118652,13.892766952514648,-3.2106635570526123,contact_preserving_soft_cone,0.08,10,M7c,1,0.6,soft,0,RMRFRPEYEVDGKNCKFITFWFWP,2.2731175422668457
8.63976001739502,0.5082272887229919,0.39065980911254883,12.232329368591309,0.0833333358168602,0.19582147896289825,0.4765335023403168,-0.5082272887229919,-0.39065980911254883,12.232329368591309,0.0005444445996545255,-0.19582147896289825,-0.4765335023403168,-0.5959441661834717,2.7132070064544678,0.11912637948989868,12.686689376831055,3.308505058288574,8.63976001739502,0.5959441661834717,0,0.25,4,0.11666667461395264,0.4166666865348816,-2.7132070064544678,12.686689376831055,-3.308505058288574,contact_preserving_soft_cone,0.08,10,M7c,1,0.6,topk_sample,0,RFWVRPPYEPDSKNCKFITFWFWP,3.4999297895410564e-06
5.135420322418213,0.6459952592849731,0.32228249311447144,10.86243724822998,0.0,0.14294709265232086,0.38200843334198,-0.6459952592849731,-0.32228249311447144,10.86243724822998,0.003599999938160181,-0.14294709265232086,-0.38200843334198,-0.6208186149597168,3.272536277770996,0.11912637948989868,11.986519813537598,3.2274060249328613,5.135420322418213,0.6208186149597168,1,0.25,4,0.11666667461395264,0.4166666865348816,-3.272536277770996,11.986519813537598,-3.2274060249328613,contact_preserving_soft_cone,0.08,10,M7c,1,0.6,topk_sample,0,RIHIRAEYEVDGRNCKFNTFWFWD,3.4999297895410564e-06
8.743313789367676,0.4521617293357849,0.2909724712371826,14.110969543457031,0.125,0.20502570271492004,0.37548568844795227,-0.4521617293357849,-0.2909724712371826,14.110969543457031,0.004224999807775021,-0.20502570271492004,-0.37548568844795227,-0.5107061266899109,3.0030572414398193,0.04879586026072502,14.774751663208008,3.075284242630005,8.743313789367676,0.5107061266899109,2,0.25,4,0.03333333134651184,0.3333333432674408,-3.0030572414398193,14.774751663208008,-3.075284242630005,contact_preserving_soft_cone,0.08,10,M7c,1,0.6,topk_sample,0,RIKIRADYKCDGKECNFITFSFPK,3.4999297895410564e-06
9.0406494140625,0.5267643332481384,0.4845008850097656,11.402405738830566,0.0833333358168602,0.227402001619339,0.5177395343780518,-0.5267643332481384,-0.4845008850097656,11.402405738830566,0.0005444445996545255,-0.227402001619339,-0.5177395343780518,-0.6324689984321594,2.7678449153900146,0.08137406408786774,11.14874267578125,3.359375,9.0406494140625,0.6324689984321594,3,0.25,4,0.07499998807907104,0.375,-2.7678449153900146,11.14874267578125,-3.359375,contact_preserving_soft_cone,0.08,10,M7c,1,0.6,topk_sample,0,RMKFRPEYEPDARNCNFITYWFPK,3.4999297895410564e-06
12.352546691894531,0.2875182330608368,0.0910431444644928,18.248218536376953,0.0416666679084301,0.0,0.15131276845932007,-0.2875182330608368,-0.0910431444644928,18.248218536376953,0.0003361110284458846,-0.0,-0.15131276845932007,-0.4217248558998108,3.6211745738983154,0.024922456592321396,15.86400318145752,3.0738637447357178,12.352546691894531,0.4217248558998108,4,0.25,4,-0.008333325386047363,0.2916666865348816,-3.6211745738983154,15.86400318145752,-3.0738637447357178,contact_preserving_soft_cone,0.08,10,M7c,1,0.6,topk_sample,0,RVRFPPEYEVDAKNCKPNTFSFPP,3.4999297895410564e-06
9.480265617370605,0.45684298872947693,0.3633230924606323,13.991992950439453,0.0,0.18029876053333282,0.4201151728630066,-0.45684298872947693,-0.3633230924606323,13.991992950439453,0.003599999938160181,-0.18029876053333282,-0.4201151728630066,-0.565716028213501,2.9402785301208496,0.08137406408786774,14.170809745788574,3.390536308288574,9.480265617370605,0.565716028213501,5,0.25,4,0.07499998807907104,0.375,-2.9402785301208496,14.170809745788574,-3.390536308288574,contact_preserving_soft_cone,0.08,10,M7c,1,0.6,topk_sample,0,RFHIRPNGEVDGRNCTFITFFFWD,3.4999297895410564e-06
12.287468910217285,0.2795422077178955,0.07993799448013306,18.687366485595703,0.125,0.0,0.09664767980575562,-0.2795422077178955,-0.07993799448013306,18.687366485595703,0.004224999807775021,-0.0,-0.09664767980575562,-0.4007587432861328,3.6115150451660156,0.08137406408786774,17.184326171875,3.257235527038574,12.287468910217285,0.4007587432861328,6,0.25,4,0.07499998807907104,0.375,-3.6115150451660156,17.184326171875,-3.257235527038574,contact_preserving_soft_cone,0.08,10,M7c,1,0.6,topk_sample,0,RFRFRPDYKVDGRGCNFNTFWWWP,3.4999297895410564e-06
8.398880004882812,0.51751708984375,0.41562485694885254,11.204391479492188,0.1666666716337204,0.19452214241027832,0.47500675916671753,-0.51751708984375,-0.41562485694885254,11.204391479492188,0.01137777790427208,-0.19452214241027832,-0.47500675916671753,-0.6110803484916687,2.720998764038086,0.024922456592321396,9.882755279541016,3.3919568061828613,8.398880004882812,0.6110803484916687,7,0.25,4,-0.008333325386047363,0.2916666865348816,-2.720998764038086,9.882755279541016,-3.3919568061828613,contact_preserving_soft_cone,0.08,10,M7c,1,0.6,topk_sample,0,RFRIRCDYKPEARGGNWNTKSFWP,3.4999297895410564e-06
10.131512641906738,0.5167028307914734,0.3984530568122864,13.355390548706055,-0.0416666679084301,0.17803049087524414,0.46081334352493286,-0.5167028307914734,-0.3984530568122864,13.355390548706055,0.010336111299693584,-0.17803049087524414,-0.46081334352493286,-0.5919786691665649,2.8435025215148926,0.04879586026072502,12.888830184936523,3.203169584274292,10.131512641906738,0.5919786691665649,0,0.0,0,0.03333333134651184,0.3333333432674408,-2.8435025215148926,12.888830184936523,-3.203169584274292,naive_weighted,0.02,8,M3,1,0.0,argmax,1,ETMNPGPYNFPGRPWVTITFPPLD,3.4999297895410564e-06
3.6362462043762207,0.8400281071662903,0.6520735025405884,5.8659539222717285,-0.014740723185241222,0.33342236280441284,0.7893412113189697,-0.8400281071662903,-0.6520735025405884,5.8659539222717285,0.005586175713688135,-0.33342236280441284,-0.7893412113189697,-0.8268866539001465,1.985904574394226,0.052735310047864914,7.54067850112915,3.2199809551239014,3.6362462043762207,0.8268866539001465,0,0.0,0,0.038928449153900146,0.3389284610748291,-1.985904574394226,7.54067850112915,-3.2199809551239014,naive_weighted,0.02,8,M3,1,0.0,soft,1,ETMNPGPYNFPGRPWVTITFPPLD,2.045158624649048
10.644549369812012,0.5081546306610107,0.4600655436515808,13.301060676574707,-0.0416666679084301,0.20205150544643402,0.48693278431892395,-0.5081546306610107,-0.4600655436515808,13.301060676574707,0.010336111299693584,-0.20205150544643402,-0.48693278431892395,-0.6150978207588196,2.8291051387786865,0.04879586026072502,11.796951293945312,2.920943021774292,10.644549369812012,0.6150978207588196,0,0.25,4,0.03333333134651184,0.3333333432674408,-2.8291051387786865,11.796951293945312,-2.920943021774292,naive_weighted,0.02,8,M3,1,0.0,topk_sample,1,EPITPSPYNFPGKPMVTITFPPLE,3.4999297895410564e-06
10.25628662109375,0.5149586796760559,0.45320582389831543,13.53079605102539,0.0,0.2115214467048645,0.4969918131828308,-0.5149586796760559,-0.45320582389831543,13.53079605102539,0.003599999938160181,-0.2115214467048645,-0.4969918131828308,-0.6050586700439453,2.748166561126709,0.004378471523523331,12.651333808898926,3.4422054290771484,10.25628662109375,0.6050586700439453,1,0.25,4,-0.09166666865348816,0.2083333432674408,-2.748166561126709,12.651333808898926,-3.4422054290771484,naive_weighted,0.02,8,M3,1,0.0,topk_sample,1,ETPNPSTHNFPGRNFMTITFPPPG,3.4999297895410564e-06
11.69788932800293,0.4499126672744751,0.36145704984664917,14.643961906433105,-0.0416666679084301,0.15784567594528198,0.3831772804260254,-0.4499126672744751,-0.36145704984664917,14.643961906433105,0.010336111299693584,-0.15784567594528198,-0.3831772804260254,-0.5613753795623779,3.1231088638305664,0.010970099829137325,13.829140663146973,3.0396840572357178,11.69788932800293,0.5613753795623779,2,0.25,4,-0.050000011920928955,0.25,-3.1231088638305664,13.829140663146973,-3.0396840572357178,naive_weighted,0.02,8,M3,1,0.0,topk_sample,1,ETPNPGPYNFPEKPWMTITLPPPG,3.4999297895410564e-06
11.804186820983887,0.4317912459373474,0.28892770409584045,16.027339935302734,0.0416666679084301,0.1378609985113144,0.3117940425872803,-0.4317912459373474,-0.28892770409584045,16.027339935302734,0.0003361110284458846,-0.1378609985113144,-0.3117940425872803,-0.5025112628936768,3.1144275665283203,0.024922456592321396,15.39122200012207,3.2220349311828613,11.804186820983887,0.5025112628936768,3,0.25,4,-0.008333325386047363,0.2916666865348816,-3.1144275665283203,15.39122200012207,-3.2220349311828613,naive_weighted,0.02,8,M3,1,0.0,topk_sample,1,RTMNSGPYNFPGRPWVTITFPPTD,3.4999297895410564e-06
8.987906455993652,0.551910400390625,0.4076181650161743,12.146265983581543,-0.0416666679084301,0.18139007687568665,0.5055521130561829,-0.551910400390625,-0.4076181650161743,12.146265983581543,0.010336111299693584,-0.18139007687568665,-0.5055521130561829,-0.6181912422180176,2.7020773887634277,0.024922456592321396,12.825185775756836,3.0949928760528564,8.987906455993652,0.6181912422180176,4,0.25,4,-0.008333325386047363,0.2916666865348816,-2.7020773887634277,12.825185775756836,-3.0949928760528564,naive_weighted,0.02,8,M3,1,0.0,topk_sample,1,CTIDPSPGNFPGKPWITITFPPLE,3.4999297895410564e-06
9.962437629699707,0.49665743112564087,0.4012061357498169,13.4176607131958,0.0,0.17787766456604004,0.4477871060371399,-0.49665743112564087,-0.4012061357498169,13.4176607131958,0.003599999938160181,-0.17787766456604004,-0.4477871060371399,-0.5828193426132202,2.8574914932250977,0.04879586026072502,12.659712791442871,3.3270153999328613,9.962437629699707,0.5828193426132202,5,0.25,4,0.03333333134651184,0.3333333432674408,-2.8574914932250977,12.659712791442871,-3.3270153999328613,naive_weighted,0.02,8,M3,1,0.0,topk_sample,1,MPMNPGTGNFPGKPWMTVTFPPLD,3.4999297895410564e-06
13.000090599060059,0.4356212615966797,0.3998163342475891,16.045333862304688,-0.0833333358168602,0.17836518585681915,0.40264981985092163,-0.4356212615966797,-0.3998163342475891,16.045333862304688,0.020544443279504776,-0.17836518585681915,-0.40264981985092163,-0.5470056533813477,2.967576742172241,0.010970099829137325,14.981839179992676,3.3893821239471436,13.000090599060059,0.5470056533813477,6,0.25,4,-0.050000011920928955,0.25,-2.967576742172241,14.981839179992676,-3.3893821239471436,naive_weighted,0.02,8,M3,1,0.0,topk_sample,1,EPMTPSTHNGPEKVVMTITFPPND,3.4999297895410564e-06
12.206997871398926,0.444610595703125,0.3172086477279663,16.386226654052734,-0.0416666679084301,0.14305201172828674,0.3198763132095337,-0.444610595703125,-0.3172086477279663,16.386226654052734,0.010336111299693584,-0.14305201172828674,-0.3198763132095337,-0.5218504667282104,3.1696605682373047,0.004378471523523331,14.92308521270752,3.4001243114471436,12.206997871398926,0.5218504667282104,7,0.25,4,-0.09166666865348816,0.2083333432674408,-3.1696605682373047,14.92308521270752,-3.4001243114471436,naive_weighted,0.02,8,M3,1,0.0,topk_sample,1,ETMNPGPHEGPNRPWVTITFPPPP,3.4999297895410564e-06
9.657556533813477,0.4480816125869751,0.27351659536361694,14.273406982421875,-0.0833333358168602,0.17766031622886658,0.28969183564186096,-0.4480816125869751,-0.27351659536361694,14.273406982421875,0.020544443279504776,-0.17766031622886658,-0.28969183564186096,-0.5245232582092285,3.174257278442383,0.010970099829137325,13.68846321105957,2.8405539989471436,9.657556533813477,0.5245232582092285,0,0.0,0,-0.050000011920928955,0.25,-3.174257278442383,13.68846321105957,-2.8405539989471436,contact_preserving_soft_cone,0.0,8,M7a,0,0.25,argmax,1,ETNTTTTTEFPNNVSSTLTFTIAG,3.4999297895410564e-06
5.406219482421875,0.7381289005279541,0.5905628204345703,8.095975875854492,0.053701870143413544,0.30294352769851685,0.6844784617424011,-0.7381289005279541,-0.5905628204345703,8.095975875854492,3.9666421798756346e-05,-0.30294352769851685,-0.6844784617424011,-0.7355040907859802,2.3030614852905273,0.001914418302476406,8.96793270111084,3.012373685836792,5.406219482421875,0.7355040907859802,0,0.0,0,-0.12738443911075592,0.17261557281017303,-2.3030614852905273,8.96793270111084,-3.012373685836792,contact_preserving_soft_cone,0.0,8,M7a,0,0.25,soft,1,ETNTTTTTEFPNNVSSTLTFTIAG,2.3780643939971924
12.36913776397705,0.395903617143631,0.22976507246494293,16.07006072998047,0.0416666679084301,0.17957399785518646,0.24210171401500702,-0.395903617143631,-0.22976507246494293,16.07006072998047,0.0003361110284458846,-0.17957399785518646,-0.24210171401500702,-0.4896218478679657,3.0861806869506836,0.024922456592321396,15.81517505645752,2.692826747894287,12.36913776397705,0.4896218478679657,0,0.25,4,-0.008333325386047363,0.2916666865348816,-3.0861806869506836,15.81517505645752,-2.692826747894287,contact_preserving_soft_cone,0.0,8,M7a,0,0.25,topk_sample,1,ETTSGKTTEFPNVVKSTITFTIAK,3.4999297895410564e-06
11.686983108520508,0.3162821829319,0.10373829305171967,18.650644302368164,0.125,0.0,0.13124962151050568,-0.3162821829319,-0.10373829305171967,18.650644302368164,0.004224999807775021,-0.0,-0.13124962151050568,-0.41920575499534607,3.6374950408935547,0.004378471523523331,16.421058654785156,3.0960140228271484,11.686983108520508,0.41920575499534607,1,0.25,4,-0.09166666865348816,0.2083333432674408,-3.6374950408935547,16.421058654785156,-3.0960140228271484,contact_preserving_soft_cone,0.0,8,M7a,0,0.25,topk_sample,1,ETRTTKYTEFPNNNRSTLKSKIAT,3.4999297895410564e-06
11.659008979797363,0.47674334049224854,0.07230401039123535,19.16569709777832,-0.125,0.0,0.07382750511169434,-0.47674334049224854,-0.07230401039123535,19.16569709777832,0.03422500193119049,-0.0,-0.07382750511169434,-0.4468126893043518,3.8802363872528076,0.010970099829137325,18.643396377563477,2.78515625,11.659008979797363,0.4468126893043518,2,0.25,4,-0.050000011920928955,0.25,-3.8802363872528076,18.643396377563477,-2.78515625,contact_preserving_soft_cone,0.0,8,M7a,0,0.25,topk_sample,1,ETTTSTTTEFPSVVSSTLDSTIAT,3.4999297895410564e-06
13.580224990844727,0.35405266284942627,0.1722191572189331,17.606130599975586,-0.0833333358168602,0.09815569221973419,0.1722191572189331,-0.35405266284942627,-0.1722191572189331,17.606130599975586,0.020544443279504776,-0.09815569221973419,-0.1722191572189331,-0.45447680354118347,3.531615734100342,0.004378471523523331,16.348657608032227,2.798428773880005,13.580224990844727,0.45447680354118347,3,0.25,4,-0.09166666865348816,0.2083333432674408,-3.531615734100342,16.348657608032227,-2.798428773880005,contact_preserving_soft_cone,0.0,8,M7a,0,0.25,topk_sample,1,ETNTSTTTEFPSNVSSTITFKIEG,3.4999297895410564e-06
12.586573600769043,0.391120046377182,0.27402204275131226,16.03245735168457,0.0,0.1533254235982895,0.27402204275131226,-0.391120046377182,-0.27402204275131226,16.03245735168457,0.003599999938160181,-0.1533254235982895,-0.27402204275131226,-0.5124006271362305,3.1562447547912598,0.024922456592321396,15.384830474853516,2.881924867630005,12.586573600769043,0.5124006271362305,4,0.25,4,-0.008333325386047363,0.2916666865348816,-3.1562447547912598,15.384830474853516,-2.881924867630005,contact_preserving_soft_cone,0.0,8,M7a,0,0.25,topk_sample,1,ETTSSKTKEFPNVVSSTLTFSIAG,3.4999297895410564e-06
12.44532299041748,0.4127972424030304,0.32747381925582886,15.622693061828613,0.0,0.16566741466522217,0.32747381925582886,-0.4127972424030304,-0.32747381925582886,15.622693061828613,0.003599999938160181,-0.16566741466522217,-0.32747381925582886,-0.512407660484314,3.209742307662964,0.010970099829137325,14.375457763671875,2.8816139698028564,12.44532299041748,0.512407660484314,5,0.25,4,-0.050000011920928955,0.25,-3.209742307662964,14.375457763671875,-2.8816139698028564,contact_preserving_soft_cone,0.0,8,M7a,0,0.25,topk_sample,1,ETNTTTYTKFPNVVSSTITSTTAG,3.4999297895410564e-06
13.252843856811523,0.36412185430526733,0.131544291973114,18.61424446105957,0.0833333358168602,0.18593820929527283,0.131544291973114,-0.36412185430526733,-0.131544291973114,18.61424446105957,0.0005444445996545255,-0.18593820929527283,-0.131544291973114,-0.43804931640625,3.4052693843841553,0.004378471523523331,17.433948516845703,2.7703747749328613,13.252843856811523,0.43804931640625,6,0.25,4,-0.09166666865348816,0.2083333432674408,-3.4052693843841553,17.433948516845703,-2.7703747749328613,contact_preserving_soft_cone,0.0,8,M7a,0,0.25,topk_sample,1,ETNTTRYTEGPSVKTSTLTIKIKG,3.4999297895410564e-06
13.482681274414062,0.3373972773551941,0.12841399013996124,18.497140884399414,0.0,0.06725592911243439,0.12841399013996124,-0.3373972773551941,-0.12841399013996124,18.497140884399414,0.003599999938160181,-0.06725592911243439,-0.12841399013996124,-0.4216988980770111,3.722893238067627,0.004378471523523331,17.22394371032715,2.949307680130005,13.482681274414062,0.4216988980770111,7,0.25,4,-0.09166666865348816,0.2083333432674408,-3.722893238067627,17.22394371032715,-2.949307680130005,contact_preserving_soft_cone,0.0,8,M7a,0,0.25,topk_sample,1,ETNTSTTTKGPGNVSSTIKFSIAD,3.4999297895410564e-06
12.257353782653809,0.35715019702911377,0.14083608984947205,17.76902961730957,0.0,0.08238936960697174,0.14083608984947205,-0.35715019702911377,-0.14083608984947205,17.76902961730957,0.003599999938160181,-0.08238936960697174,-0.14083608984947205,-0.4220240116119385,3.653804302215576,0.04879586026072502,16.30411148071289,3.200106620788574,12.257353782653809,0.4220240116119385,0,0.0,0,0.03333333134651184,0.3333333432674408,-3.653804302215576,16.30411148071289,-3.200106620788574,contact_preserving_soft_cone,0.08,10,M7c,1,0.6,argmax,1,ETNTGKTTIFPNNVSSTIWFTIAG,3.4999297895410564e-06
7.465351581573486,0.5244721174240112,0.4150378704071045,11.006584167480469,0.1200878918170929,0.20358525216579437,0.4588817059993744,-0.5244721174240112,-0.4150378704071045,11.006584167480469,0.003610554849728942,-0.20358525216579437,-0.4588817059993744,-0.6111888885498047,2.6021647453308105,0.008996233344078064,12.049969673156738,3.033853530883789,7.465351581573486,0.6111888885498047,0,0.0,0,-0.05929163098335266,0.2407083809375763,-2.6021647453308105,12.049969673156738,-3.033853530883789,contact_preserving_soft_cone,0.08,10,M7c,1,0.6,soft,1,ETNTGKTTIFPNNVSSTIWFTIAG,2.339902639389038
12.594207763671875,0.3672935962677002,0.1984260380268097,16.18028450012207,0.0833333358168602,0.12296753376722336,0.1984260380268097,-0.3672935962677002,-0.1984260380268097,16.18028450012207,0.0005444445996545255,-0.12296753376722336,-0.1984260380268097,-0.46497055888175964,3.2803726196289062,0.08137406408786774,15.25739860534668,3.060014247894287,12.594207763671875,0.46497055888175964,0,0.25,4,0.07499998807907104,0.375,-3.2803726196289062,15.25739860534668,-3.060014247894287,contact_preserving_soft_cone,0.08,10,M7c,1,0.6,topk_sample,1,ETTSGRTTIFPNVVKSTLWFTIAK,3.4999297895410564e-06
8.298736572265625,0.5013175010681152,0.40304726362228394,12.332367897033691,0.0833333358168602,0.14991441369056702,0.40304726362228394,-0.5013175010681152,-0.40304726362228394,12.332367897033691,0.0005444445996545255,-0.14991441369056702,-0.40304726362228394,-0.560696005821228,3.057699680328369,0.024922456592321396,10.847466468811035,3.146573305130005,8.298736572265625,0.560696005821228,1,0.25,4,-0.008333325386047363,0.2916666865348816,-3.057699680328369,10.847466468811035,-3.146573305130005,contact_preserving_soft_cone,0.08,10,M7c,1,0.6,topk_sample,1,ETKTGRYTEFPNNNQSTIKFIIAK,3.4999297895410564e-06
13.024134635925293,0.355917364358902,0.15486007928848267,17.592618942260742,0.125,0.07737746089696884,0.15486007928848267,-0.355917364358902,-0.15486007928848267,17.592618942260742,0.004224999807775021,-0.07737746089696884,-0.15486007928848267,-0.43658873438835144,3.5241470336914062,0.010970099829137325,16.054275512695312,2.716841459274292,13.024134635925293,0.43658873438835144,2,0.25,4,-0.050000011920928955,0.25,-3.5241470336914062,16.054275512695312,-2.716841459274292,contact_preserving_soft_cone,0.08,10,M7c,1,0.6,topk_sample,1,ETTTGKTTIFPSVVSSTITKTIKK,3.4999297895410564e-06
12.721158981323242,0.29573458433151245,0.08009795844554901,18.81407928466797,0.0833333358168602,0.0,0.10899896919727325,-0.29573458433151245,-0.08009795844554901,18.81407928466797,0.0005444445996545255,-0.0,-0.10899896919727325,-0.41368740797042847,3.7473878860473633,0.08137406408786774,17.220272064208984,3.165127992630005,12.721158981323242,0.41368740797042847,3,0.25,4,0.07499998807907104,0.375,-3.7473878860473633,17.220272064208984,-3.165127992630005,contact_preserving_soft_cone,0.08,10,M7c,1,0.6,topk_sample,1,KTNTSKTTIFPSNVSSTLWFIIAG,3.4999297895410564e-06
11.660465240478516,0.4004148244857788,0.2418033927679062,15.912782669067383,0.0833333358168602,0.16433510184288025,0.24439719319343567,-0.4004148244857788,-0.2418033927679062,15.912782669067383,0.0005444445996545255,-0.16433510184288025,-0.24439719319343567,-0.4812891185283661,3.1669373512268066,0.11912637948989868,14.68341064453125,2.8551137447357178,11.660465240478516,0.4812891185283661,4,0.25,4,0.11666667461395264,0.4166666865348816,-3.1669373512268066,14.68341064453125,-2.8551137447357178,contact_preserving_soft_cone,0.08,10,M7c,1,0.6,topk_sample,1,ETTSSKYSIFPNVVSSTIWFKIAK,3.4999297895410564e-06
11.717442512512207,0.35628509521484375,0.17182019352912903,16.960575103759766,0.0416666679084301,0.09889104962348938,0.17182019352912903,-0.35628509521484375,-0.17182019352912903,16.960575103759766,0.0003361110284458846,-0.09889104962348938,-0.17182019352912903,-0.4471162259578705,3.5464274883270264,0.04879586026072502,14.937066078186035,3.1578924655914307,11.717442512512207,0.4471162259578705,5,0.25,4,0.03333333134651184,0.3333333432674408,-3.5464274883270264,14.937066078186035,-3.1578924655914307,contact_preserving_soft_cone,0.08,10,M7c,1,0.6,topk_sample,1,KTNTGKYTEFPNVNSSTLWFTLAG,3.4999297895410564e-06
13.722817420959473,0.29898110032081604,0.08879570662975311,19.444698333740234,0.0416666679084301,0.0,0.1081102266907692,-0.29898110032081604,-0.08879570662975311,19.444698333740234,0.0003361110284458846,-0.0,-0.1081102266907692,-0.40126657485961914,3.7423362731933594,0.024922456592321396,18.012603759765625,3.1396484375,13.722817420959473,0.40126657485961914,6,0.25,4,-0.008333325386047363,0.2916666865348816,-3.7423362731933594,18.012603759765625,-3.1396484375,contact_preserving_soft_cone,0.08,10,M7c,1,0.6,topk_sample,1,ETNTGRYTEGPSVKRSTIWYIITG,3.4999297895410564e-06
13.759461402893066,0.3472675383090973,0.19807717204093933,17.4498291015625,0.125,0.13698965311050415,0.19807717204093933,-0.3472675383090973,-0.19807717204093933,17.4498291015625,0.004224999807775021,-0.13698965311050415,-0.19807717204093933,-0.453815221786499,3.467287540435791,0.010970099829137325,15.995415687561035,2.955965995788574,13.759461402893066,0.453815221786499,7,0.25,4,-0.050000011920928955,0.25,-3.467287540435791,15.995415687561035,-2.955965995788574,contact_preserving_soft_cone,0.08,10,M7c,1,0.6,topk_sample,1,ETNTSKTTEFPRNVRSTLKFKIAG,3.4999297895410564e-06
