candidate_bb_pae,candidate_binder_ptm,candidate_bt_iptm,candidate_bt_pae,candidate_charge_target_charge_per_residue,candidate_ipsae_min,candidate_iptm,candidate_loss_binder_ptm,candidate_loss_binder_target_iptm,candidate_loss_binder_target_pae,candidate_loss_charge_target,candidate_loss_ipsae_min,candidate_loss_iptm,candidate_loss_plddt,candidate_loss_protenix_contact,candidate_loss_solubility_limit,candidate_loss_target_binder_pae,candidate_loss_trigram_naturalness,candidate_loss_within_binder_pae,candidate_plddt,candidate_solubility_limit_hydrophobic_excess,candidate_solubility_limit_hydrophobic_mean,candidate_target_contact,candidate_tb_pae,candidate_trigram_naturalness_trigram_ll,method,method_aux_slack,method_cone_denominator,method_id,method_max_aux_harms,method_min_primary_descent_ratio,score_mode,seed,sequence,sequence_entropy
9.663702964782715,0.3886982798576355,0.19609250128269196,15.308948516845703,0.25,0.16400747001171112,0.19694188237190247,-0.3886982798576355,-0.19609250128269196,15.308948516845703,0.03610000014305115,-0.16400747001171112,-0.19694188237190247,-0.4873999357223511,3.0653886795043945,0.11912637948989868,14.810976028442383,3.225053310394287,9.663702964782715,0.4873999357223511,0.11666667461395264,0.4166666865348816,-3.0653886795043945,14.810976028442383,-3.225053310394287,single_protenix_contact,0.02,8,M1,1,0.0,argmax,0,RVRFRPNYKVRAKNCNFITFFPWP,3.4999297895410564e-06
8.015579223632812,0.5589331388473511,0.3908926248550415,11.503973007202148,0.048684801906347275,0.19324132800102234,0.5467098951339722,-0.5589331388473511,-0.3908926248550415,11.503973007202148,0.0001280336728086695,-0.19324132800102234,-0.5467098951339722,-0.6336776614189148,2.629725217819214,0.06502336263656616,12.472064971923828,3.33013916015625,8.015579223632812,0.6336776614189148,0.05520063638687134,0.3552006483078003,-2.629725217819214,12.472064971923828,-3.33013916015625,single_protenix_contact,0.02,8,M1,1,0.0,soft,0,RVRFRPNYKVRAKNCNFITFFPWP,2.2657370567321777
12.160950660705566,0.3640643358230591,0.17482833564281464,17.348560333251953,0.0416666679084301,0.20008283853530884,0.17642414569854736,-0.3640643358230591,-0.17482833564281464,17.348560333251953,0.0003361110284458846,-0.20008283853530884,-0.17642414569854736,-0.4380897283554077,3.2814137935638428,0.010970099829137325,16.84918212890625,2.9466443061828613,12.160950660705566,0.4380897283554077,-0.050000011920928955,0.25,-3.2814137935638428,16.84918212890625,-2.9466443061828613,naive_weighted,0.02,8,M3,1,0.0,argmax,0,RMHFPDTYKVDSKEGNSKTIPIPP,3.4999297895410564e-06
9.84048843383789,0.48181861639022827,0.34913426637649536,12.913443565368652,0.019876603037118912,0.18870830535888672,0.4539300501346588,-0.48181861639022827,-0.34913426637649536,12.913443565368652,0.0016098868800327182,-0.18870830535888672,-0.4539300501346588,-0.5801661014556885,2.647620677947998,0.037401918321847916,13.867079734802246,3.177760124206543,9.84048843383789,0.5801661014556885,0.015591442584991455,0.3155914545059204,-2.647620677947998,13.867079734802246,-3.177760124206543,naive_weighted,0.02,8,M3,1,0.0,soft,0,RMHFPDTYKVDSKEGNSKTIPIPP,2.1954894065856934
13.7984037399292,0.31455904245376587,0.09513930976390839,18.62700843811035,0.3333333432674408,0.0,0.09513930976390839,-0.31455904245376587,-0.09513930976390839,18.62700843811035,0.07471111416816711,-0.0,-0.09513930976390839,-0.4137815833091736,3.8526315689086914,0.004378471523523331,17.63312530517578,2.6985974311828613,13.7984037399292,0.4137815833091736,-0.09166666865348816,0.2083333432674408,-3.8526315689086914,17.63312530517578,-2.6985974311828613,normalized_weighted,0.02,8,M4,1,0.0,argmax,0,RRSSRKKYKVSKVEGESITRRTWK,3.4999297895410564e-06
10.822206497192383,0.40488630533218384,0.24225835502147675,14.03526496887207,0.10992663353681564,0.2207600474357605,0.284716933965683,-0.40488630533218384,-0.24225835502147675,14.03526496887207,0.002492668805643916,-0.2207600474357605,-0.284716933965683,-0.5615033507347107,2.735748767852783,0.0019296398386359215,13.318259239196777,3.0358638763427734,10.822206497192383,0.5615033507347107,-0.12704679369926453,0.17295321822166443,-2.735748767852783,13.318259239196777,-3.0358638763427734,normalized_weighted,0.02,8,M4,1,0.0,soft,0,RRSSRKKYKVSKVEGESITRRTWK,2.4569060802459717
13.7984037399292,0.31455904245376587,0.09513930976390839,18.62700843811035,0.3333333432674408,0.0,0.09513930976390839,-0.31455904245376587,-0.09513930976390839,18.62700843811035,0.07471111416816711,-0.0,-0.09513930976390839,-0.4137815833091736,3.8526315689086914,0.004378471523523331,17.63312530517578,2.6985974311828613,13.7984037399292,0.4137815833091736,-0.09166666865348816,0.2083333432674408,-3.8526315689086914,17.63312530517578,-2.6985974311828613,soft_cone_correction,0.02,8,M6,1,0.0,argmax,0,RRSSRKKYKVSKVEGESITRRTWK,3.4999297895410564e-06
10.822206497192383,0.40488630533218384,0.24225835502147675,14.03526496887207,0.10992663353681564,0.2207600474357605,0.284716933965683,-0.40488630533218384,-0.24225835502147675,14.03526496887207,0.002492668805643916,-0.2207600474357605,-0.284716933965683,-0.5615033507347107,2.735748767852783,0.0019296398386359215,13.318259239196777,3.0358638763427734,10.822206497192383,0.5615033507347107,-0.12704679369926453,0.17295321822166443,-2.735748767852783,13.318259239196777,-3.0358638763427734,soft_cone_correction,0.02,8,M6,1,0.0,soft,0,RRSSRKKYKVSKVEGESITRRTWK,2.4569060802459717
11.76935863494873,0.3624221086502075,0.18696942925453186,16.329030990600586,0.3333333432674408,0.21302329003810883,0.24388165771961212,-0.3624221086502075,-0.18696942925453186,16.329030990600586,0.07471111416816711,-0.21302329003810883,-0.24388165771961212,-0.4500423073768616,3.2014853954315186,0.04879586026072502,15.857630729675293,3.1715643405914307,11.76935863494873,0.4500423073768616,0.03333333134651184,0.3333333432674408,-3.2014853954315186,15.857630729675293,-3.1715643405914307,contact_preserving_soft_cone,0.0,8,M7a,0,0.25,argmax,0,RMRFRPTYKVRGKNGNFITIRPWK,3.4999297895410564e-06
9.473796844482422,0.49684450030326843,0.3678106963634491,12.902546882629395,0.13461117446422577,0.17590443789958954,0.45488396286964417,-0.49684450030326843,-0.3678106963634491,12.902546882629395,0.005566827021539211,-0.17590443789958954,-0.45488396286964417,-0.5800322890281677,2.7409379482269287,0.016575101763010025,12.984073638916016,3.1670291423797607,9.473796844482422,0.5800322890281677,-0.029846400022506714,0.27015361189842224,-2.7409379482269287,12.984073638916016,-3.1670291423797607,contact_preserving_soft_cone,0.0,8,M7a,0,0.25,soft,0,RMRFRPTYKVRGKNGNFITIRPWK,2.3320727348327637
13.676199913024902,0.2609848976135254,0.0836113691329956,19.85450553894043,0.0416666679084301,0.0,0.08654098957777023,-0.2609848976135254,-0.0836113691329956,19.85450553894043,0.0003361110284458846,-0.0,-0.08654098957777023,-0.4019879102706909,3.848745107650757,0.04879586026072502,17.95414924621582,3.1799538135528564,13.676199913024902,0.4019879102706909,0.03333333134651184,0.3333333432674408,-3.848745107650757,17.95414924621582,-3.1799538135528564,contact_preserving_soft_cone,0.02,8,M7b,1,0.0,argmax,0,RMHFPDTYKVDSKEKNYYPIPIPP,3.4999297895410564e-06
10.564177513122559,0.47387003898620605,0.37759634852409363,13.466811180114746,0.00739552965387702,0.17182034254074097,0.4345610737800598,-0.47387003898620605,-0.37759634852409363,13.466811180114746,0.0027672303840517998,-0.17182034254074097,-0.4345610737800598,-0.5801775455474854,2.865103244781494,0.028700966387987137,13.134830474853516,3.193401336669922,10.564177513122559,0.5801775455474854,-0.0003611147403717041,0.29963889718055725,-2.865103244781494,13.134830474853516,-3.193401336669922,contact_preserving_soft_cone,0.02,8,M7b,1,0.0,soft,0,RMHFPDTYKVDSKEKNYYPIPIPP,2.1382012367248535
12.711105346679688,0.30613774061203003,0.08122429251670837,18.949228286743164,0.125,0.0,0.08911769092082977,-0.30613774061203003,-0.08122429251670837,18.949228286743164,0.004224999807775021,-0.0,-0.08911769092082977,-0.40047502517700195,3.7405831813812256,0.11912637948989868,17.567562103271484,3.1536312103271484,12.711105346679688,0.40047502517700195,0.11666667461395264,0.4166666865348816,-3.7405831813812256,17.567562103271484,-3.1536312103271484,contact_preserving_soft_cone,0.08,10,M7c,1,0.6,argmax,0,RVRFRPDYKVDVKNCNFITFFPWP,3.4999297895410564e-06
6.3139214515686035,0.5945518612861633,0.5126656293869019,9.81494140625,0.04372019320726395,0.2531508207321167,0.5885699391365051,-0.5945518612861633,-0.5126656293869019,9.81494140625,0.0002650320529937744,-0.2531508207321167,-0.5885699391365051,-0.7194919586181641,2.5955252647399902,0.04980173707008362,11.080586433410645,3.234734296798706,6.3139214515686035,0.7194919586181641,0.034783393144607544,0.3347834050655365,-2.5955252647399902,11.080586433410645,-3.234734296798706,contact_preserving_soft_cone,0.08,10,M7c,1,0.6,soft,0,RVRFRPDYKVDVKNCNFITFFPWP,2.277696132659912
8.950963973999023,0.4781406819820404,0.2575077712535858,14.433537483215332,-0.0416666679084301,0.2075130045413971,0.36948907375335693,-0.4781406819820404,-0.2575077712535858,14.433537483215332,0.010336111299693584,-0.2075130045413971,-0.36948907375335693,-0.549850344657898,2.8956820964813232,0.11912637948989868,15.000544548034668,3.4134411811828613,8.950963973999023,0.549850344657898,0.11666667461395264,0.4166666865348816,-2.8956820964813232,15.000544548034668,-3.4134411811828613,single_protenix_contact,0.02,8,M1,1,0.0,argmax,1,RFMNMGPVMFNNHYCMHITFPPED,3.4999297895410564e-06
4.660281181335449,0.771468997001648,0.46399712562561035,8.750107765197754,-0.05960628017783165,0.23482488095760345,0.716049313545227,-0.771468997001648,-0.46399712562561035,8.750107765197754,0.014305662363767624,-0.23482488095760345,-0.716049313545227,-0.7771892547607422,2.190373659133911,0.11655404418706894,11.211057662963867,3.3843092918395996,4.660281181335449,0.7771892547607422,0.11393266916275024,0.4139326810836792,-2.190373659133911,11.211057662963867,-3.3843092918395996,single_protenix_contact,0.02,8,M1,1,0.0,soft,1,RFMNMGPVMFNNHYCMHITFPPED,1.9159029722213745
9.993366241455078,0.5157014727592468,0.35825973749160767,13.6153564453125,-0.0416666679084301,0.1548927128314972,0.42346757650375366,-0.5157014727592468,-0.35825973749160767,13.6153564453125,0.010336111299693584,-0.1548927128314972,-0.42346757650375366,-0.5800813436508179,2.9222402572631836,0.04879586026072502,13.602239608764648,3.1668591499328613,9.993366241455078,0.5800813436508179,0.03333333134651184,0.3333333432674408,-2.9222402572631836,13.602239608764648,-3.1668591499328613,naive_weighted,0.02,8,M3,1,0.0,argmax,1,ETMNPGPYNFNGRPWVTITFPPLD,3.4999297895410564e-06
3.6464505195617676,0.8364654779434204,0.6175769567489624,6.13544225692749,-0.017713971436023712,0.314292848110199,0.7861050367355347,-0.8364654779434204,-0.6175769567489624,6.13544225692749,0.006039460655301809,-0.314292848110199,-0.7861050367355347,-0.8177299499511719,2.0007760524749756,0.057308655232191086,8.20688247680664,3.2204763889312744,3.6464505195617676,0.8177299499511719,0.04516959190368652,0.3451696038246155,-2.0007760524749756,8.20688247680664,-3.2204763889312744,naive_weighted,0.02,8,M3,1,0.0,soft,1,ETMNPGPYNFNGRPWVTITFPPLD,2.0322885513305664
10.859827995300293,0.39996039867401123,0.2047320306301117,16.49159049987793,-0.0416666679084301,0.1631438434123993,0.2047320306301117,-0.39996039867401123,-0.2047320306301117,16.49159049987793,0.010336111299693584,-0.1631438434123993,-0.2047320306301117,-0.4373188018798828,3.185415029525757,0.024922456592321396,15.731106758117676,2.7942116260528564,10.859827995300293,0.4373188018798828,-0.008333325386047363,0.2916666865348816,-3.185415029525757,15.731106758117676,-2.7942116260528564,normalized_weighted,0.02,8,M4,1,0.0,argmax,1,ETTTTKTTIFPDNVSSTLTFTIAG,3.4999297895410564e-06
5.882129192352295,0.5967754125595093,0.5067330598831177,8.042787551879883,0.05738064646720886,0.23797592520713806,0.5594273209571838,-0.5967754125595093,-0.5067330598831177,8.042787551879883,6.861006113467738e-06,-0.23797592520713806,-0.5594273209571838,-0.7069419622421265,2.2986860275268555,0.002369564725086093,8.865846633911133,3.0032460689544678,5.882129192352295,0.7069419622421265,-0.1182677298784256,0.18173228204250336,-2.2986860275268555,8.865846633911133,-3.0032460689544678,normalized_weighted,0.02,8,M4,1,0.0,soft,1,ETTTTKTTIFPDNVSSTLTFTIAG,2.3795886039733887
10.859827995300293,0.39996039867401123,0.2047320306301117,16.49159049987793,-0.0416666679084301,0.1631438434123993,0.2047320306301117,-0.39996039867401123,-0.2047320306301117,16.49159049987793,0.010336111299693584,-0.1631438434123993,-0.2047320306301117,-0.4373188018798828,3.185415029525757,0.024922456592321396,15.731106758117676,2.7942116260528564,10.859827995300293,0.4373188018798828,-0.008333325386047363,0.2916666865348816,-3.185415029525757,15.731106758117676,-2.7942116260528564,soft_cone_correction,0.02,8,M6,1,0.0,argmax,1,ETTTTKTTIFPDNVSSTLTFTIAG,3.4999297895410564e-06
5.882129192352295,0.5967754125595093,0.5067330598831177,8.042787551879883,0.05738064646720886,0.23797592520713806,0.5594273209571838,-0.5967754125595093,-0.5067330598831177,8.042787551879883,6.861006113467738e-06,-0.23797592520713806,-0.5594273209571838,-0.7069419622421265,2.2986860275268555,0.002369564725086093,8.865846633911133,3.0032460689544678,5.882129192352295,0.7069419622421265,-0.1182677298784256,0.18173228204250336,-2.2986860275268555,8.865846633911133,-3.0032460689544678,soft_cone_correction,0.02,8,M6,1,0.0,soft,1,ETTTTKTTIFPDNVSSTLTFTIAG,2.3795886039733887
10.859827995300293,0.39996039867401123,0.2047320306301117,16.49159049987793,-0.0416666679084301,0.1631438434123993,0.2047320306301117,-0.39996039867401123,-0.2047320306301117,16.49159049987793,0.010336111299693584,-0.1631438434123993,-0.2047320306301117,-0.4373188018798828,3.185415029525757,0.024922456592321396,15.731106758117676,2.7942116260528564,10.859827995300293,0.4373188018798828,-0.008333325386047363,0.2916666865348816,-3.185415029525757,15.731106758117676,-2.7942116260528564,contact_preserving_soft_cone,0.0,8,M7a,0,0.25,argmax,1,ETTTTKTTIFPDNVSSTLTFTIAG,3.4999297895410564e-06
5.882129192352295,0.5967754125595093,0.5067330598831177,8.042787551879883,0.05738064646720886,0.23797592520713806,0.5594273209571838,-0.5967754125595093,-0.5067330598831177,8.042787551879883,6.861006113467738e-06,-0.23797592520713806,-0.5594273209571838,-0.7069419622421265,2.2986860275268555,0.002369564725086093,8.865846633911133,3.0032460689544678,5.882129192352295,0.7069419622421265,-0.1182677298784256,0.18173228204250336,-2.2986860275268555,8.865846633911133,-3.0032460689544678,contact_preserving_soft_cone,0.0,8,M7a,0,0.25,soft,1,ETTTTKTTIFPDNVSSTLTFTIAG,2.3795886039733887
13.040519714355469,0.33312806487083435,0.09155745804309845,18.810237884521484,0.0416666679084301,0.0,0.1121070459485054,-0.33312806487083435,-0.09155745804309845,18.810237884521484,0.0003361110284458846,-0.0,-0.1121070459485054,-0.40687403082847595,3.5896804332733154,0.024922456592321396,17.22793197631836,2.814408779144287,13.040519714355469,0.40687403082847595,-0.008333325386047363,0.2916666865348816,-3.5896804332733154,17.22793197631836,-2.814408779144287,contact_preserving_soft_cone,0.02,8,M7b,1,0.0,argmax,1,ETRTKKYTIFPGEVSSTLDKPIAG,3.4999297895410564e-06
11.10007381439209,0.4482779800891876,0.3851804733276367,14.725834846496582,0.06659611314535141,0.18011347949504852,0.4023115038871765,-0.4482779800891876,-0.3851804733276367,14.725834846496582,4.3508727685548365e-05,-0.18011347949504852,-0.4023115038871765,-0.543155312538147,2.973820686340332,0.024846527725458145,14.34416389465332,3.094337224960327,11.10007381439209,0.543155312538147,-0.008502185344696045,0.2914978265762329,-2.973820686340332,14.34416389465332,-3.094337224960327,contact_preserving_soft_cone,0.02,8,M7b,1,0.0,soft,1,ETRTKKYTIFPGEVSSTLDKPIAG,2.3215396404266357
9.490882873535156,0.40659981966018677,0.18881377577781677,13.878814697265625,0.0,0.13572388887405396,0.2691282629966736,-0.40659981966018677,-0.18881377577781677,13.878814697265625,0.003599999938160181,-0.13572388887405396,-0.2691282629966736,-0.4961535632610321,3.0243959426879883,0.08137406408786774,14.510637283325195,2.8128108978271484,9.490882873535156,0.4961535632610321,0.07499998807907104,0.375,-3.0243959426879883,14.510637283325195,-2.8128108978271484,contact_preserving_soft_cone,0.08,10,M7c,1,0.6,argmax,1,ETITGKYTIFPGNVQSTITFTIAG,3.4999297895410564e-06
5.221836566925049,0.6605726480484009,0.5082179307937622,7.624809265136719,-0.011504702270030975,0.22552482783794403,0.6268301010131836,-0.6605726480484009,-0.5082179307937622,7.624809265136719,0.005112921819090843,-0.22552482783794403,-0.6268301010131836,-0.7337844371795654,2.2637228965759277,0.0508357435464859,8.97666072845459,3.1091861724853516,5.221836566925049,0.7337844371795654,0.03625825047492981,0.33625826239585876,-2.2637228965759277,8.97666072845459,-3.1091861724853516,contact_preserving_soft_cone,0.08,10,M7c,1,0.6,soft,1,ETITGKYTIFPGNVQSTITFTIAG,2.26190447807312
