budget,mean_candidate_bt_iptm,mean_candidate_bt_pae,mean_candidate_charge_target_charge_per_residue,mean_candidate_ipsae_min,mean_candidate_loss_protenix_contact,mean_candidate_loss_trigram_naturalness,mean_candidate_plddt,mean_candidate_solubility_limit_hydrophobic_mean,method,method_id,num_selected,score_mode,selection_metric
1,0.3785488158464432,11.902586221694946,0.014809323474764824,0.25784051418304443,2.7357799410820007,3.2200251817703247,0.6265878081321716,0.3424994647502899,naive_weighted,M3,2,soft,bt_pae
1,0.27227866649627686,14.64061164855957,0.09162930399179459,0.11894120275974274,3.1461232900619507,3.1236162185668945,0.5254165232181549,0.28444793075323105,contact_preserving_soft_cone,M7c,2,soft,bt_pae
1,0.23276786506175995,14.938823699951172,-0.004082195460796356,0.17810890078544617,3.0992588996887207,3.156962275505066,0.5026678740978241,0.37259601056575775,contact_preserving_entropy_annealed,M7e,2,soft,bt_pae
1,0.22878772020339966,15.317840099334717,0.04660565312951803,0.18479593098163605,2.9999698400497437,3.127118468284607,0.5067741572856903,0.2915138006210327,contact_preserving_entropy_annealed,M7d,2,soft,bt_pae
1,0.37547004222869873,12.922605991363525,0.08333333767950535,0.19409355521202087,2.8778287172317505,3.2049672603607178,0.5754432380199432,0.3750000149011612,naive_weighted,M3,2,argmax,bt_pae
1,0.3272955119609833,14.237584590911865,0.0208333358168602,0.19624783098697662,2.9447031021118164,3.175559401512146,0.5400140136480331,0.3958333432674408,contact_preserving_entropy_annealed,M7e,2,argmax,bt_pae
1,0.20529258996248245,16.033374309539795,0.125,0.13129311054944992,3.3687713146209717,3.1726962327957153,0.4691739082336426,0.3750000149011612,contact_preserving_soft_cone,M7c,2,argmax,bt_pae
1,0.21711285412311554,16.87054967880249,0.0208333358168602,0.15237842872738838,3.204657196998596,3.2409225702285767,0.4733365774154663,0.3333333432674408,contact_preserving_entropy_annealed,M7d,2,argmax,bt_pae
1,0.3785488158464432,11.902586221694946,0.014809323474764824,0.25784051418304443,2.7357799410820007,3.2200251817703247,0.6265878081321716,0.3424994647502899,naive_weighted,M3,2,soft,bt_iptm
1,0.27227866649627686,14.64061164855957,0.09162930399179459,0.11894120275974274,3.1461232900619507,3.1236162185668945,0.5254165232181549,0.28444793075323105,contact_preserving_soft_cone,M7c,2,soft,bt_iptm
1,0.23276786506175995,14.938823699951172,-0.004082195460796356,0.17810890078544617,3.0992588996887207,3.156962275505066,0.5026678740978241,0.37259601056575775,contact_preserving_entropy_annealed,M7e,2,soft,bt_iptm
1,0.22878772020339966,15.317840099334717,0.04660565312951803,0.18479593098163605,2.9999698400497437,3.127118468284607,0.5067741572856903,0.2915138006210327,contact_preserving_entropy_annealed,M7d,2,soft,bt_iptm
1,0.37547004222869873,12.922605991363525,0.08333333767950535,0.19409355521202087,2.8778287172317505,3.2049672603607178,0.5754432380199432,0.3750000149011612,naive_weighted,M3,2,argmax,bt_iptm
1,0.3272955119609833,14.237584590911865,0.0208333358168602,0.19624783098697662,2.9447031021118164,3.175559401512146,0.5400140136480331,0.3958333432674408,contact_preserving_entropy_annealed,M7e,2,argmax,bt_iptm
1,0.20529258996248245,16.033374309539795,0.125,0.13129311054944992,3.3687713146209717,3.1726962327957153,0.4691739082336426,0.3750000149011612,contact_preserving_soft_cone,M7c,2,argmax,bt_iptm
1,0.21711285412311554,16.87054967880249,0.0208333358168602,0.15237842872738838,3.204657196998596,3.2409225702285767,0.4733365774154663,0.3333333432674408,contact_preserving_entropy_annealed,M7d,2,argmax,bt_iptm
1,0.3785488158464432,11.902586221694946,0.014809323474764824,0.25784051418304443,2.7357799410820007,3.2200251817703247,0.6265878081321716,0.3424994647502899,naive_weighted,M3,2,soft,contact
1,0.27227866649627686,14.64061164855957,0.09162930399179459,0.11894120275974274,3.1461232900619507,3.1236162185668945,0.5254165232181549,0.28444793075323105,contact_preserving_soft_cone,M7c,2,soft,contact
1,0.23276786506175995,14.938823699951172,-0.004082195460796356,0.17810890078544617,3.0992588996887207,3.156962275505066,0.5026678740978241,0.37259601056575775,contact_preserving_entropy_annealed,M7e,2,soft,contact
1,0.22878772020339966,15.317840099334717,0.04660565312951803,0.18479593098163605,2.9999698400497437,3.127118468284607,0.5067741572856903,0.2915138006210327,contact_preserving_entropy_annealed,M7d,2,soft,contact
1,0.37547004222869873,12.922605991363525,0.08333333767950535,0.19409355521202087,2.8778287172317505,3.2049672603607178,0.5754432380199432,0.3750000149011612,naive_weighted,M3,2,argmax,contact
1,0.3272955119609833,14.237584590911865,0.0208333358168602,0.19624783098697662,2.9447031021118164,3.175559401512146,0.5400140136480331,0.3958333432674408,contact_preserving_entropy_annealed,M7e,2,argmax,contact
1,0.20529258996248245,16.033374309539795,0.125,0.13129311054944992,3.3687713146209717,3.1726962327957153,0.4691739082336426,0.3750000149011612,contact_preserving_soft_cone,M7c,2,argmax,contact
1,0.21711285412311554,16.87054967880249,0.0208333358168602,0.15237842872738838,3.204657196998596,3.2409225702285767,0.4733365774154663,0.3333333432674408,contact_preserving_entropy_annealed,M7d,2,argmax,contact
1,0.34172122180461884,14.094162940979004,0.0208333358168602,0.20297139883041382,2.9366729259490967,3.152432680130005,0.5466679930686951,0.3958333432674408,contact_preserving_entropy_annealed,M7e,2,topk_sample,bt_pae
1,0.3430798649787903,14.145435810089111,0.0208333358168602,0.18089596182107925,2.935940384864807,3.045188307762146,0.5563672780990601,0.3958333432674408,naive_weighted,M3,2,topk_sample,bt_pae
1,0.26574788987636566,16.34352684020996,0.0208333358168602,0.16374808549880981,3.1694729328155518,3.1003862619400024,0.5014422535896301,0.3333333432674408,contact_preserving_entropy_annealed,M7d,2,topk_sample,bt_pae
1,0.14559702575206757,17.125449180603027,0.14583333395421505,0.0896882563829422,3.5033931732177734,3.1329236030578613,0.437524676322937,0.375,contact_preserving_soft_cone,M7c,2,topk_sample,bt_pae
4,0.2766483426094055,12.120177745819092,0.0833333358168602,0.14434292167425156,2.681466579437256,3.072576403617859,0.5751466155052185,0.4791666716337204,contact_preserving_soft_cone,M7c,2,topk_sample,bt_pae
4,0.37613293528556824,13.324450016021729,0.0833333358168602,0.19913534820079803,2.815033197402954,3.2620738744735718,0.5666371881961823,0.3125000149011612,naive_weighted,M3,2,topk_sample,bt_pae
4,0.35497382283210754,13.882635593414307,0.0,0.17808402329683304,2.9382519721984863,3.181907057762146,0.5501901507377625,0.3958333432674408,contact_preserving_entropy_annealed,M7e,2,topk_sample,bt_pae
4,0.28057292103767395,15.339805603027344,0.0416666716337204,0.18688924610614777,3.0481324195861816,3.196999430656433,0.5146922469139099,0.3333333432674408,contact_preserving_entropy_annealed,M7d,2,topk_sample,bt_pae
8,0.40040892362594604,10.601851463317871,0.02083333395421505,0.2057565599679947,2.5137736797332764,3.3660777807235718,0.676956832408905,0.3541666865348816,naive_weighted,M3,2,topk_sample,bt_pae
8,0.2766483426094055,12.120177745819092,0.0833333358168602,0.14434292167425156,2.681466579437256,3.072576403617859,0.5751466155052185,0.4791666716337204,contact_preserving_soft_cone,M7c,2,topk_sample,bt_pae
8,0.3438546061515808,13.586629390716553,-0.0416666679084301,0.17553946375846863,2.9515299797058105,3.16448438167572,0.5613155961036682,0.3958333432674408,contact_preserving_entropy_annealed,M7e,2,topk_sample,bt_pae
8,0.284736230969429,15.06730031967163,0.0,0.14177622646093369,3.090149998664856,3.135032057762146,0.5283366143703461,0.3541666716337204,contact_preserving_entropy_annealed,M7d,2,topk_sample,bt_pae
1,0.34172122180461884,14.094162940979004,0.0208333358168602,0.20297139883041382,2.9366729259490967,3.152432680130005,0.5466679930686951,0.3958333432674408,contact_preserving_entropy_annealed,M7e,2,topk_sample,bt_iptm
1,0.3430798649787903,14.145435810089111,0.0208333358168602,0.18089596182107925,2.935940384864807,3.045188307762146,0.5563672780990601,0.3958333432674408,naive_weighted,M3,2,topk_sample,bt_iptm
1,0.26574788987636566,16.34352684020996,0.0208333358168602,0.16374808549880981,3.1694729328155518,3.1003862619400024,0.5014422535896301,0.3333333432674408,contact_preserving_entropy_annealed,M7d,2,topk_sample,bt_iptm
1,0.14559702575206757,17.125449180603027,0.14583333395421505,0.0896882563829422,3.5033931732177734,3.1329236030578613,0.437524676322937,0.375,contact_preserving_soft_cone,M7c,2,topk_sample,bt_iptm
4,0.35497382283210754,13.882635593414307,0.0,0.17808402329683304,2.9382519721984863,3.181907057762146,0.5501901507377625,0.3958333432674408,contact_preserving_entropy_annealed,M7e,2,topk_sample,bt_iptm
4,0.3985308110713959,13.92650318145752,0.02083333395421505,0.18990176171064377,2.8456974029541016,3.3333407640457153,0.5601090788841248,0.2916666716337204,naive_weighted,M3,2,topk_sample,bt_iptm
4,0.2805144488811493,14.04052448272705,0.1250000037252903,0.15024279803037643,3.003778338432312,3.068315029144287,0.5201973617076874,0.4791666716337204,contact_preserving_soft_cone,M7c,2,topk_sample,bt_iptm
4,0.2928307056427002,15.496013164520264,0.0416666716337204,0.19449223577976227,3.1312379837036133,3.2211028337478638,0.50979945063591,0.3333333432674408,contact_preserving_entropy_annealed,M7d,2,topk_sample,bt_iptm
8,0.429027795791626,11.188741207122803,0.0416666679084301,0.22335488349199295,2.551849603652954,3.5158469676971436,0.6683754026889801,0.3125000149011612,naive_weighted,M3,2,topk_sample,bt_iptm
8,0.35497382283210754,13.882635593414307,0.0,0.17808402329683304,2.9382519721984863,3.181907057762146,0.5501901507377625,0.3958333432674408,contact_preserving_entropy_annealed,M7e,2,topk_sample,bt_iptm
8,0.29939986765384674,15.37974739074707,0.1458333395421505,0.16524334996938705,3.102193832397461,3.0301181077957153,0.49709954857826233,0.3333333432674408,contact_preserving_soft_cone,M7c,2,topk_sample,bt_iptm
8,0.3123968541622162,15.68850564956665,-0.0208333320915699,0.1744474247097969,3.2164230346679688,3.162619948387146,0.5152617394924164,0.3541666716337204,contact_preserving_entropy_annealed,M7d,2,topk_sample,bt_iptm
1,0.34172122180461884,14.094162940979004,0.0208333358168602,0.20297139883041382,2.9366729259490967,3.152432680130005,0.5466679930686951,0.3958333432674408,contact_preserving_entropy_annealed,M7e,2,topk_sample,contact
1,0.3430798649787903,14.145435810089111,0.0208333358168602,0.18089596182107925,2.935940384864807,3.045188307762146,0.5563672780990601,0.3958333432674408,naive_weighted,M3,2,topk_sample,contact
1,0.26574788987636566,16.34352684020996,0.0208333358168602,0.16374808549880981,3.1694729328155518,3.1003862619400024,0.5014422535896301,0.3333333432674408,contact_preserving_entropy_annealed,M7d,2,topk_sample,contact
1,0.14559702575206757,17.125449180603027,0.14583333395421505,0.0896882563829422,3.5033931732177734,3.1329236030578613,0.437524676322937,0.375,contact_preserving_soft_cone,M7c,2,topk_sample,contact
4,0.2766483426094055,12.120177745819092,0.0833333358168602,0.14434292167425156,2.681466579437256,3.072576403617859,0.5751466155052185,0.4791666716337204,contact_preserving_soft_cone,M7c,2,topk_sample,contact
4,0.37613293528556824,13.324450016021729,0.0833333358168602,0.19913534820079803,2.815033197402954,3.2620738744735718,0.5666371881961823,0.3125000149011612,naive_weighted,M3,2,topk_sample,contact
4,0.34172122180461884,14.094162940979004,0.0208333358168602,0.20297139883041382,2.9366729259490967,3.152432680130005,0.5466679930686951,0.3958333432674408,contact_preserving_entropy_annealed,M7e,2,topk_sample,contact
4,0.28057292103767395,15.339805603027344,0.0416666716337204,0.18688924610614777,3.0481324195861816,3.196999430656433,0.5146922469139099,0.3333333432674408,contact_preserving_entropy_annealed,M7d,2,topk_sample,contact
8,0.40040892362594604,10.601851463317871,0.02083333395421505,0.2057565599679947,2.5137736797332764,3.3660777807235718,0.676956832408905,0.3541666865348816,naive_weighted,M3,2,topk_sample,contact
8,0.2766483426094055,12.120177745819092,0.0833333358168602,0.14434292167425156,2.681466579437256,3.072576403617859,0.5751466155052185,0.4791666716337204,contact_preserving_soft_cone,M7c,2,topk_sample,contact
8,0.34172122180461884,14.094162940979004,0.0208333358168602,0.20297139883041382,2.9366729259490967,3.152432680130005,0.5466679930686951,0.3958333432674408,contact_preserving_entropy_annealed,M7e,2,topk_sample,contact
8,0.27622880041599274,15.366183757781982,0.0208333358168602,0.18359281867742538,3.0131499767303467,3.124245524406433,0.5254594087600708,0.3125000149011612,contact_preserving_entropy_annealed,M7d,2,topk_sample,contact
