candidate_bb_pae,candidate_binder_ptm,candidate_bt_iptm,candidate_bt_pae,candidate_charge_target_charge_per_residue,candidate_ipsae_min,candidate_iptm,candidate_loss_binder_ptm,candidate_loss_binder_target_iptm,candidate_loss_binder_target_pae,candidate_loss_charge_target,candidate_loss_ipsae_min,candidate_loss_iptm,candidate_loss_plddt,candidate_loss_protenix_contact,candidate_loss_solubility_limit,candidate_loss_target_binder_pae,candidate_loss_trigram_naturalness,candidate_loss_within_binder_pae,candidate_plddt,candidate_sample_index,candidate_sample_temperature,candidate_sample_top_k,candidate_solubility_limit_hydrophobic_excess,candidate_solubility_limit_hydrophobic_mean,candidate_target_contact,candidate_tb_pae,candidate_trigram_naturalness_trigram_ll,method,method_aux_slack,method_cone_denominator,method_hardening_max_fraction,method_hardening_sample_count,method_hardening_threshold,method_id,method_max_aux_harms,method_min_primary_descent_ratio,method_terminal_anneal_final_temperature,score_mode,seed,sequence,sequence_entropy
10.616262435913086,0.35695695877075195,0.08337649703025818,18.521303176879883,0.0416666679084301,0.07131389528512955,0.110272616147995,-0.35695695877075195,-0.08337649703025818,18.521303176879883,0.0003361110284458846,-0.07131389528512955,-0.110272616147995,-0.4029146134853363,3.6077489852905273,0.15925517678260803,17.745649337768555,3.315829277038574,10.616262435913086,0.4029146134853363,0,0.0,0,0.15833333134651184,0.4583333432674408,-3.6077489852905273,17.745649337768555,-3.315829277038574,naive_weighted,0.02,8,0.0,0,0.0,M3,1,0.0,1.0,argmax,0,RVWFRPTYKVDSDEGNFITIFFWK,3.4999297895410564e-06
8.946507453918457,0.5195680856704712,0.3976283669471741,11.745306968688965,0.05670791119337082,0.20029203593730927,0.5005407333374023,-0.5195680856704712,-0.3976283669471741,11.745306968688965,1.08378399090725e-05,-0.20029203593730927,-0.5005407333374023,-0.6299892067909241,2.485891819000244,0.045876383781433105,12.346546173095703,3.2178192138671875,8.946507453918457,0.6299892067909241,0,0.0,0,0.029032349586486816,0.32903236150741577,-2.485891819000244,12.346546173095703,-3.2178192138671875,naive_weighted,0.02,8,0.0,0,0.0,M3,1,0.0,1.0,soft,0,RVWFRPTYKVDSDEGNFITIFFWK,2.3807852268218994
8.437543869018555,0.4512159824371338,0.1952713131904602,14.31623363494873,0.0833333358168602,0.20527450740337372,0.2618131935596466,-0.4512159824371338,-0.1952713131904602,14.31623363494873,0.0005444445996545255,-0.20527450740337372,-0.2618131935596466,-0.5226481556892395,2.974395275115967,0.11912637948989868,15.94068431854248,3.1954457759857178,8.437543869018555,0.5226481556892395,0,0.25,4,0.11666667461395264,0.4166666865348816,-2.974395275115967,15.94068431854248,-3.1954457759857178,naive_weighted,0.02,8,0.0,0,0.0,M3,1,0.0,1.0,topk_sample,0,RFSFRPSYKVDKDEGNFITIFYWK,3.4999297895410564e-06
10.49309253692627,0.41805654764175415,0.28927549719810486,14.716862678527832,0.125,0.16555500030517578,0.32145780324935913,-0.41805654764175415,-0.28927549719810486,14.716862678527832,0.004224999807775021,-0.16555500030517578,-0.32145780324935913,-0.49614378809928894,2.9665279388427734,0.15925517678260803,14.72803783416748,3.1201171875,10.49309253692627,0.49614378809928894,1,0.25,4,0.15833333134651184,0.4583333432674408,-2.9665279388427734,14.72803783416748,-3.1201171875,naive_weighted,0.02,8,0.0,0,0.0,M3,1,0.0,1.0,topk_sample,0,RMRIRATYKVDSKEGNFITIFFWP,3.4999297895410564e-06
11.682087898254395,0.3142421245574951,0.07578665018081665,18.85706901550293,0.0,0.0,0.08420310914516449,-0.3142421245574951,-0.07578665018081665,18.85706901550293,0.003599999938160181,-0.0,-0.08420310914516449,-0.3993925452232361,3.6856484413146973,0.11912637948989868,17.82659912109375,3.334073305130005,11.682087898254395,0.3993925452232361,2,0.25,4,0.11666667461395264,0.4166666865348816,-3.6856484413146973,17.82659912109375,-3.334073305130005,naive_weighted,0.02,8,0.0,0,0.0,M3,1,0.0,1.0,topk_sample,0,RMHFRANYKVDSDDCKFITYWYPD,3.4999297895410564e-06
10.688702583312988,0.42913854122161865,0.349617063999176,14.310769081115723,0.0416666679084301,0.18870443105697632,0.39462411403656006,-0.42913854122161865,-0.349617063999176,14.310769081115723,0.0003361110284458846,-0.18870443105697632,-0.39462411403656006,-0.511282205581665,2.9728050231933594,0.08137406408786774,13.5111083984375,3.180220365524292,10.688702583312988,0.511282205581665,3,0.25,4,0.07499998807907104,0.375,-2.9728050231933594,13.5111083984375,-3.180220365524292,naive_weighted,0.02,8,0.0,0,0.0,M3,1,0.0,1.0,topk_sample,0,RVHFRPTYKVDGKEGQFITYFFPD,3.4999297895410564e-06
9.0421142578125,0.5040020942687988,0.42389458417892456,12.698773384094238,0.0,0.20643913745880127,0.47378599643707275,-0.5040020942687988,-0.42389458417892456,12.698773384094238,0.003599999938160181,-0.20643913745880127,-0.47378599643707275,-0.5914037823677063,2.6153087615966797,0.11912637948989868,12.189067840576172,3.3255062103271484,9.0421142578125,0.5914037823677063,4,0.25,4,0.11666667461395264,0.4166666865348816,-2.6153087615966797,12.189067840576172,-3.3255062103271484,naive_weighted,0.02,8,0.0,0,0.0,M3,1,0.0,1.0,topk_sample,0,RIWFPPTYKVDSDEGNMITIWFPK,3.4999297895410564e-06
8.279080390930176,0.498984158039093,0.3790019154548645,11.828508377075195,0.1666666716337204,0.17507219314575195,0.4708981513977051,-0.498984158039093,-0.3790019154548645,11.828508377075195,0.01137777790427208,-0.17507219314575195,-0.4708981513977051,-0.5787657499313354,2.883704900741577,0.08137406408786774,11.942532539367676,3.1041371822357178,8.279080390930176,0.5787657499313354,5,0.25,4,0.07499998807907104,0.375,-2.883704900741577,11.942532539367676,-3.1041371822357178,naive_weighted,0.02,8,0.0,0,0.0,M3,1,0.0,1.0,topk_sample,0,RFRIRANSKVDSKECKFITISFWP,3.4999297895410564e-06
7.6491379737854,0.46675240993499756,0.23219361901283264,12.781217575073242,0.1666666716337204,0.14589980244636536,0.3196834623813629,-0.46675240993499756,-0.23219361901283264,12.781217575073242,0.01137777790427208,-0.14589980244636536,-0.3196834623813629,-0.5461861491203308,3.1035709381103516,0.11912637948989868,13.460829734802246,3.3273704051971436,7.6491379737854,0.5461861491203308,6,0.25,4,0.11666667461395264,0.4166666865348816,-3.1035709381103516,13.460829734802246,-3.3273704051971436,naive_weighted,0.02,8,0.0,0,0.0,M3,1,0.0,1.0,topk_sample,0,RFWFRPNYKVDSKNGNFNTYFLWK,3.4999297895410564e-06
11.4585599899292,0.29575270414352417,0.08898569643497467,18.291975021362305,0.2083333432674408,0.042682964354753494,0.11201639473438263,-0.29575270414352417,-0.08898569643497467,18.291975021362305,0.022002780809998512,-0.042682964354753494,-0.11201639473438263,-0.4102253317832947,3.6009984016418457,0.11912637948989868,16.66172981262207,3.1926937103271484,11.4585599899292,0.4102253317832947,7,0.25,4,0.11666667461395264,0.4166666865348816,-3.6009984016418457,16.66172981262207,-3.1926937103271484,naive_weighted,0.02,8,0.0,0,0.0,M3,1,0.0,1.0,topk_sample,0,RFWLRANYKPDGKNCQWITKWFIK,3.4999297895410564e-06
10.576311111450195,0.46078410744667053,0.4774838089942932,13.72854995727539,0.0416666679084301,0.20711034536361694,0.4774838089942932,-0.46078410744667053,-0.4774838089942932,13.72854995727539,0.0003361110284458846,-0.20711034536361694,-0.4774838089942932,-0.564401388168335,3.070390224456787,0.024922456592321396,12.177411079406738,3.1872780323028564,10.576311111450195,0.564401388168335,0,0.0,0,-0.008333325386047363,0.2916666865348816,-3.070390224456787,12.177411079406738,-3.1872780323028564,contact_preserving_soft_cone,0.08,10,0.0,0,0.0,M7c,1,0.6,1.0,argmax,0,LRWPRPEYKPDGDNGKFITFPFPP,3.4999297895410564e-06
9.581852912902832,0.46849578619003296,0.33224642276763916,13.184171676635742,0.024428464472293854,0.24608467519283295,0.4248833954334259,-0.46849578619003296,-0.33224642276763916,13.184171676635742,0.0012653340818360448,-0.24608467519283295,-0.4248833954334259,-0.5623267889022827,2.527998447418213,0.05203768610954285,13.577167510986328,3.222872495651245,9.581852912902832,0.5623267889022827,0,0.0,0,0.03795352578163147,0.3379535377025604,-2.527998447418213,13.577167510986328,-3.222872495651245,contact_preserving_soft_cone,0.08,10,0.0,0,0.0,M7c,1,0.6,1.0,soft,0,LRWPRPEYKPDGDNGKFITFPFPP,2.251502752304077
9.879998207092285,0.3965872824192047,0.25445783138275146,15.24009895324707,0.0833333358168602,0.1425597369670868,0.276581346988678,-0.3965872824192047,-0.25445783138275146,15.24009895324707,0.0005444445996545255,-0.1425597369670868,-0.276581346988678,-0.5117394328117371,3.3464412689208984,0.11912637948989868,14.329944610595703,3.4040751457214355,9.879998207092285,0.5117394328117371,0,0.25,4,0.11666667461395264,0.4166666865348816,-3.3464412689208984,14.329944610595703,-3.4040751457214355,contact_preserving_soft_cone,0.08,10,0.0,0,0.0,M7c,1,0.6,1.0,topk_sample,0,LRFPRPNYKVDADNGKFITFPFWP,3.4999297895410564e-06
10.541180610656738,0.46643054485321045,0.49389195442199707,13.62769889831543,0.0,0.22299516201019287,0.49389195442199707,-0.46643054485321045,-0.49389195442199707,13.62769889831543,0.003599999938160181,-0.22299516201019287,-0.49389195442199707,-0.5724096298217773,2.979581832885742,0.024922456592321396,12.467724800109863,3.117764711380005,10.541180610656738,0.5724096298217773,1,0.25,4,-0.008333325386047363,0.2916666865348816,-2.979581832885742,12.467724800109863,-3.117764711380005,contact_preserving_soft_cone,0.08,10,0.0,0,0.0,M7c,1,0.6,1.0,topk_sample,0,LRIPRPEYKPDGDNGKFITFPFPD,3.4999297895410564e-06
11.06869888305664,0.43381088972091675,0.4166993200778961,14.865269660949707,0.0,0.19346582889556885,0.4166993200778961,-0.43381088972091675,-0.4166993200778961,14.865269660949707,0.003599999938160181,-0.19346582889556885,-0.4166993200778961,-0.5350265502929688,2.97689151763916,0.04879586026072502,14.173237800598145,3.23828125,11.06869888305664,0.5350265502929688,2,0.25,4,0.03333333134651184,0.3333333432674408,-2.97689151763916,14.173237800598145,-3.23828125,contact_preserving_soft_cone,0.08,10,0.0,0,0.0,M7c,1,0.6,1.0,topk_sample,0,LRFPRPDYKPDGDRGNFITYTFWD,3.4999297895410564e-06
11.103519439697266,0.4037189483642578,0.3691375255584717,15.409358024597168,0.0,0.16041064262390137,0.3691375255584717,-0.4037189483642578,-0.3691375255584717,15.409358024597168,0.003599999938160181,-0.16041064262390137,-0.3691375255584717,-0.5018239617347717,3.1583871841430664,0.11912637948989868,14.3074951171875,3.2740590572357178,11.103519439697266,0.5018239617347717,3,0.25,4,0.11666667461395264,0.4166666865348816,-3.1583871841430664,14.3074951171875,-3.2740590572357178,contact_preserving_soft_cone,0.08,10,0.0,0,0.0,M7c,1,0.6,1.0,topk_sample,0,LRFPRPEYKVDSVNGNFITYPFWD,3.4999297895410564e-06
10.138134002685547,0.4704541265964508,0.4577844738960266,13.567435264587402,0.0,0.21361500024795532,0.45811086893081665,-0.4704541265964508,-0.4577844738960266,13.567435264587402,0.003599999938160181,-0.21361500024795532,-0.45811086893081665,-0.5686995387077332,2.9491443634033203,0.04879586026072502,12.465584754943848,3.4041638374328613,10.138134002685547,0.5686995387077332,4,0.25,4,0.03333333134651184,0.3333333432674408,-2.9491443634033203,12.465584754943848,-3.4041638374328613,contact_preserving_soft_cone,0.08,10,0.0,0,0.0,M7c,1,0.6,1.0,topk_sample,0,TRWPWPEYKPDGDNGKMITFPIWP,3.4999297895410564e-06
10.00648021697998,0.47166794538497925,0.46797651052474976,13.429211616516113,0.0,0.23011766374111176,0.46797651052474976,-0.47166794538497925,-0.46797651052474976,13.429211616516113,0.003599999938160181,-0.23011766374111176,-0.46797651052474976,-0.5662422180175781,2.8561530113220215,0.11912637948989868,12.933741569519043,3.3454368114471436,10.00648021697998,0.5662422180175781,5,0.25,4,0.11666667461395264,0.4166666865348816,-2.8561530113220215,12.933741569519043,-3.3454368114471436,contact_preserving_soft_cone,0.08,10,0.0,0,0.0,M7c,1,0.6,1.0,topk_sample,0,LRIPWPHVKPDGVNGTFITFSYWD,3.4999297895410564e-06
12.167474746704102,0.295401930809021,0.05309755355119705,20.224985122680664,0.125,0.0,0.07516488432884216,-0.295401930809021,-0.05309755355119705,20.224985122680664,0.004224999807775021,-0.0,-0.07516488432884216,-0.40908417105674744,3.884127140045166,0.010970099829137325,18.829660415649414,3.4763407707214355,12.167474746704102,0.40908417105674744,6,0.25,4,-0.050000011920928955,0.25,-3.884127140045166,18.829660415649414,-3.4763407707214355,contact_preserving_soft_cone,0.08,10,0.0,0,0.0,M7c,1,0.6,1.0,topk_sample,0,RRWPRPDYRPDGVNGKFNTYPIPP,3.4999297895410564e-06
10.545446395874023,0.43758684396743774,0.34492048621177673,14.88368034362793,0.0833333358168602,0.15017631649971008,0.3706713318824768,-0.43758684396743774,-0.34492048621177673,14.88368034362793,0.0005444445996545255,-0.15017631649971008,-0.3706713318824768,-0.5190190672874451,3.0817275047302246,0.08137406408786774,14.368508338928223,3.3087270259857178,10.545446395874023,0.5190190672874451,7,0.25,4,0.07499998807907104,0.375,-3.0817275047302246,14.368508338928223,-3.3087270259857178,contact_preserving_soft_cone,0.08,10,0.0,0,0.0,M7c,1,0.6,1.0,topk_sample,0,LRWPRNDYRVTSVGCNWITFTFNP,3.4999297895410564e-06
10.078206062316895,0.47075527906417847,0.46844741702079773,13.468182563781738,-0.0416666679084301,0.21575790643692017,0.46844741702079773,-0.47075527906417847,-0.46844741702079773,13.468182563781738,0.010336111299693584,-0.21575790643692017,-0.46844741702079773,-0.5725885033607483,2.964881658554077,0.08137406408786774,12.084005355834961,3.373002529144287,10.078206062316895,0.5725885033607483,0,0.0,0,0.07499998807907104,0.375,-2.964881658554077,12.084005355834961,-3.373002529144287,contact_qp_grid,0.08,10,0.0,0,0.0,M8a,0,0.6,1.0,argmax,0,LRWPWPDYKPDGDNGKFITFPFWD,3.4999297895410564e-06
8.94865894317627,0.5297220945358276,0.39486590027809143,11.702701568603516,0.021405525505542755,0.23991659283638,0.505993664264679,-0.5297220945358276,-0.39486590027809143,11.702701568603516,0.0014895333442837,-0.23991659283638,-0.505993664264679,-0.6258388757705688,2.3502306938171387,0.0861763283610344,12.484570503234863,3.3258297443389893,8.94865894317627,0.6258388757705688,0,0.0,0,0.08054536581039429,0.38054537773132324,-2.3502306938171387,12.484570503234863,-3.3258297443389893,contact_qp_grid,0.08,10,0.0,0,0.0,M8a,0,0.6,1.0,soft,0,LRWPWPDYKPDGDNGKFITFPFWD,2.2711188793182373
10.648884773254395,0.4222184419631958,0.31298065185546875,14.726898193359375,0.0,0.1667185127735138,0.3324374854564667,-0.4222184419631958,-0.31298065185546875,14.726898193359375,0.003599999938160181,-0.1667185127735138,-0.3324374854564667,-0.513713538646698,3.1065614223480225,0.08137406408786774,13.931357383728027,3.284090995788574,10.648884773254395,0.513713538646698,0,0.25,4,0.07499998807907104,0.375,-3.1065614223480225,13.931357383728027,-3.284090995788574,contact_qp_grid,0.08,10,0.0,0,0.0,M8a,0,0.6,1.0,topk_sample,0,LRIPMPNYKPDADNGKFITFPYPD,3.4999297895410564e-06
10.112638473510742,0.46962833404541016,0.4919648766517639,12.809510231018066,0.0416666679084301,0.22263815999031067,0.4919648766517639,-0.46962833404541016,-0.4919648766517639,12.809510231018066,0.0003361110284458846,-0.22263815999031067,-0.4919648766517639,-0.5655423998832703,2.9792685508728027,0.04879586026072502,11.402167320251465,3.341219902038574,10.112638473510742,0.5655423998832703,1,0.25,4,0.03333333134651184,0.3333333432674408,-2.9792685508728027,11.402167320251465,-3.341219902038574,contact_qp_grid,0.08,10,0.0,0,0.0,M8a,0,0.6,1.0,topk_sample,0,LRFPRGDYKPDGDNGKFITFPFWP,3.4999297895410564e-06
10.088717460632324,0.43115106225013733,0.2560192346572876,14.91332721710205,0.0833333358168602,0.21213214099407196,0.3151695728302002,-0.43115106225013733,-0.2560192346572876,14.91332721710205,0.0005444445996545255,-0.21213214099407196,-0.3151695728302002,-0.490037202835083,2.905277729034424,0.04879586026072502,14.559112548828125,3.0758168697357178,10.088717460632324,0.490037202835083,2,0.25,4,0.03333333134651184,0.3333333432674408,-2.905277729034424,14.559112548828125,-3.0758168697357178,contact_qp_grid,0.08,10,0.0,0,0.0,M8a,0,0.6,1.0,topk_sample,0,LRIPWGHYKPDGDRCNFITIRYPP,3.4999297895410564e-06
11.640274047851562,0.43744319677352905,0.44552522897720337,14.422268867492676,0.0416666679084301,0.18978846073150635,0.44552522897720337,-0.43744319677352905,-0.44552522897720337,14.422268867492676,0.0003361110284458846,-0.18978846073150635,-0.44552522897720337,-0.5481469631195068,3.1443843841552734,0.04879586026072502,13.098094940185547,2.998135805130005,11.640274047851562,0.5481469631195068,3,0.25,4,0.03333333134651184,0.3333333432674408,-3.1443843841552734,13.098094940185547,-2.998135805130005,contact_qp_grid,0.08,10,0.0,0,0.0,M8a,0,0.6,1.0,topk_sample,0,LRIPRPDYKPDSVNGNFITIPFPP,3.4999297895410564e-06
11.311175346374512,0.45177191495895386,0.411567747592926,14.6079683303833,0.0416666679084301,0.18468767404556274,0.43087875843048096,-0.45177191495895386,-0.411567747592926,14.6079683303833,0.0003361110284458846,-0.18468767404556274,-0.43087875843048096,-0.5659758448600769,3.0043857097625732,0.010970099829137325,13.643158912658691,3.1744940280914307,11.311175346374512,0.5659758448600769,4,0.25,4,-0.050000011920928955,0.25,-3.0043857097625732,13.643158912658691,-3.1744940280914307,contact_qp_grid,0.08,10,0.0,0,0.0,M8a,0,0.6,1.0,topk_sample,0,NRWPRPDYKPDSDNGKWITFRLPD,3.4999297895410564e-06
10.151427268981934,0.4964078664779663,0.45009639859199524,13.531156539916992,0.0416666679084301,0.2072279006242752,0.4792757034301758,-0.4964078664779663,-0.45009639859199524,13.531156539916992,0.0003361110284458846,-0.2072279006242752,-0.4792757034301758,-0.5851456522941589,2.837913990020752,0.024922456592321396,12.67775821685791,3.1598899364471436,10.151427268981934,0.5851456522941589,5,0.25,4,-0.008333325386047363,0.2916666865348816,-2.837913990020752,12.67775821685791,-3.1598899364471436,contact_qp_grid,0.08,10,0.0,0,0.0,M8a,0,0.6,1.0,topk_sample,0,LRFPRPESKPDGVNCTFITFSFPP,3.4999297895410564e-06
11.85102367401123,0.39245694875717163,0.27628737688064575,16.007925033569336,0.0,0.17408105731010437,0.3126634359359741,-0.39245694875717163,-0.27628737688064575,16.007925033569336,0.003599999938160181,-0.17408105731010437,-0.3126634359359741,-0.4950798451900482,3.213040351867676,0.08137406408786774,14.40650463104248,3.350142240524292,11.85102367401123,0.4950798451900482,6,0.25,4,0.07499998807907104,0.375,-3.213040351867676,14.40650463104248,-3.350142240524292,contact_qp_grid,0.08,10,0.0,0,0.0,M8a,0,0.6,1.0,topk_sample,0,LRWPWPHYRPDGVGGNFNTIPLWD,3.4999297895410564e-06
10.404696464538574,0.4143025875091553,0.2581976056098938,15.18433666229248,0.0416666679084301,0.15553715825080872,0.30109837651252747,-0.4143025875091553,-0.2581976056098938,15.18433666229248,0.0003361110284458846,-0.15553715825080872,-0.30109837651252747,-0.49309277534484863,3.1355350017547607,0.15925517678260803,15.119400024414062,3.517622709274292,10.404696464538574,0.49309277534484863,7,0.25,4,0.15833333134651184,0.4583333432674408,-3.1355350017547607,15.119400024414062,-3.517622709274292,contact_qp_grid,0.08,10,0.0,0,0.0,M8a,0,0.6,1.0,topk_sample,0,LRWPWYHYRVDSVGCNWITFRFND,3.4999297895410564e-06
10.078206062316895,0.47075527906417847,0.46844741702079773,13.468182563781738,-0.0416666679084301,0.21575790643692017,0.46844741702079773,-0.47075527906417847,-0.46844741702079773,13.468182563781738,0.010336111299693584,-0.21575790643692017,-0.46844741702079773,-0.5725885033607483,2.964881658554077,0.08137406408786774,12.084005355834961,3.373002529144287,10.078206062316895,0.5725885033607483,0,0.0,0,0.07499998807907104,0.375,-2.964881658554077,12.084005355834961,-3.373002529144287,contact_qp_grid_contact_first,0.06,10,0.0,0,0.0,M8g,0,0.6,1.0,argmax,0,LRWPWPDYKPDGDNGKFITFPFWD,3.4999297895410564e-06
8.94865894317627,0.5297220945358276,0.39486590027809143,11.702701568603516,0.021405525505542755,0.23991659283638,0.505993664264679,-0.5297220945358276,-0.39486590027809143,11.702701568603516,0.0014895333442837,-0.23991659283638,-0.505993664264679,-0.6258388757705688,2.3502306938171387,0.0861763283610344,12.484570503234863,3.3258297443389893,8.94865894317627,0.6258388757705688,0,0.0,0,0.08054536581039429,0.38054537773132324,-2.3502306938171387,12.484570503234863,-3.3258297443389893,contact_qp_grid_contact_first,0.06,10,0.0,0,0.0,M8g,0,0.6,1.0,soft,0,LRWPWPDYKPDGDNGKFITFPFWD,2.2711188793182373
10.648884773254395,0.4222184419631958,0.31298065185546875,14.726898193359375,0.0,0.1667185127735138,0.3324374854564667,-0.4222184419631958,-0.31298065185546875,14.726898193359375,0.003599999938160181,-0.1667185127735138,-0.3324374854564667,-0.513713538646698,3.1065614223480225,0.08137406408786774,13.931357383728027,3.284090995788574,10.648884773254395,0.513713538646698,0,0.25,4,0.07499998807907104,0.375,-3.1065614223480225,13.931357383728027,-3.284090995788574,contact_qp_grid_contact_first,0.06,10,0.0,0,0.0,M8g,0,0.6,1.0,topk_sample,0,LRIPMPNYKPDADNGKFITFPYPD,3.4999297895410564e-06
10.112638473510742,0.46962833404541016,0.4919648766517639,12.809510231018066,0.0416666679084301,0.22263815999031067,0.4919648766517639,-0.46962833404541016,-0.4919648766517639,12.809510231018066,0.0003361110284458846,-0.22263815999031067,-0.4919648766517639,-0.5655423998832703,2.9792685508728027,0.04879586026072502,11.402167320251465,3.341219902038574,10.112638473510742,0.5655423998832703,1,0.25,4,0.03333333134651184,0.3333333432674408,-2.9792685508728027,11.402167320251465,-3.341219902038574,contact_qp_grid_contact_first,0.06,10,0.0,0,0.0,M8g,0,0.6,1.0,topk_sample,0,LRFPRGDYKPDGDNGKFITFPFWP,3.4999297895410564e-06
10.088717460632324,0.43115106225013733,0.2560192346572876,14.91332721710205,0.0833333358168602,0.21213214099407196,0.3151695728302002,-0.43115106225013733,-0.2560192346572876,14.91332721710205,0.0005444445996545255,-0.21213214099407196,-0.3151695728302002,-0.490037202835083,2.905277729034424,0.04879586026072502,14.559112548828125,3.0758168697357178,10.088717460632324,0.490037202835083,2,0.25,4,0.03333333134651184,0.3333333432674408,-2.905277729034424,14.559112548828125,-3.0758168697357178,contact_qp_grid_contact_first,0.06,10,0.0,0,0.0,M8g,0,0.6,1.0,topk_sample,0,LRIPWGHYKPDGDRCNFITIRYPP,3.4999297895410564e-06
11.640274047851562,0.43744319677352905,0.44552522897720337,14.422268867492676,0.0416666679084301,0.18978846073150635,0.44552522897720337,-0.43744319677352905,-0.44552522897720337,14.422268867492676,0.0003361110284458846,-0.18978846073150635,-0.44552522897720337,-0.5481469631195068,3.1443843841552734,0.04879586026072502,13.098094940185547,2.998135805130005,11.640274047851562,0.5481469631195068,3,0.25,4,0.03333333134651184,0.3333333432674408,-3.1443843841552734,13.098094940185547,-2.998135805130005,contact_qp_grid_contact_first,0.06,10,0.0,0,0.0,M8g,0,0.6,1.0,topk_sample,0,LRIPRPDYKPDSVNGNFITIPFPP,3.4999297895410564e-06
11.311175346374512,0.45177191495895386,0.411567747592926,14.6079683303833,0.0416666679084301,0.18468767404556274,0.43087875843048096,-0.45177191495895386,-0.411567747592926,14.6079683303833,0.0003361110284458846,-0.18468767404556274,-0.43087875843048096,-0.5659758448600769,3.0043857097625732,0.010970099829137325,13.643158912658691,3.1744940280914307,11.311175346374512,0.5659758448600769,4,0.25,4,-0.050000011920928955,0.25,-3.0043857097625732,13.643158912658691,-3.1744940280914307,contact_qp_grid_contact_first,0.06,10,0.0,0,0.0,M8g,0,0.6,1.0,topk_sample,0,NRWPRPDYKPDSDNGKWITFRLPD,3.4999297895410564e-06
10.151427268981934,0.4964078664779663,0.45009639859199524,13.531156539916992,0.0416666679084301,0.2072279006242752,0.4792757034301758,-0.4964078664779663,-0.45009639859199524,13.531156539916992,0.0003361110284458846,-0.2072279006242752,-0.4792757034301758,-0.5851456522941589,2.837913990020752,0.024922456592321396,12.67775821685791,3.1598899364471436,10.151427268981934,0.5851456522941589,5,0.25,4,-0.008333325386047363,0.2916666865348816,-2.837913990020752,12.67775821685791,-3.1598899364471436,contact_qp_grid_contact_first,0.06,10,0.0,0,0.0,M8g,0,0.6,1.0,topk_sample,0,LRFPRPESKPDGVNCTFITFSFPP,3.4999297895410564e-06
11.85102367401123,0.39245694875717163,0.27628737688064575,16.007925033569336,0.0,0.17408105731010437,0.3126634359359741,-0.39245694875717163,-0.27628737688064575,16.007925033569336,0.003599999938160181,-0.17408105731010437,-0.3126634359359741,-0.4950798451900482,3.213040351867676,0.08137406408786774,14.40650463104248,3.350142240524292,11.85102367401123,0.4950798451900482,6,0.25,4,0.07499998807907104,0.375,-3.213040351867676,14.40650463104248,-3.350142240524292,contact_qp_grid_contact_first,0.06,10,0.0,0,0.0,M8g,0,0.6,1.0,topk_sample,0,LRWPWPHYRPDGVGGNFNTIPLWD,3.4999297895410564e-06
10.404696464538574,0.4143025875091553,0.2581976056098938,15.18433666229248,0.0416666679084301,0.15553715825080872,0.30109837651252747,-0.4143025875091553,-0.2581976056098938,15.18433666229248,0.0003361110284458846,-0.15553715825080872,-0.30109837651252747,-0.49309277534484863,3.1355350017547607,0.15925517678260803,15.119400024414062,3.517622709274292,10.404696464538574,0.49309277534484863,7,0.25,4,0.15833333134651184,0.4583333432674408,-3.1355350017547607,15.119400024414062,-3.517622709274292,contact_qp_grid_contact_first,0.06,10,0.0,0,0.0,M8g,0,0.6,1.0,topk_sample,0,LRWPWYHYRVDSVGCNWITFRFND,3.4999297895410564e-06
10.616262435913086,0.35695695877075195,0.08337649703025818,18.521303176879883,0.0416666679084301,0.07131389528512955,0.110272616147995,-0.35695695877075195,-0.08337649703025818,18.521303176879883,0.0003361110284458846,-0.07131389528512955,-0.110272616147995,-0.4029146134853363,3.6077489852905273,0.15925517678260803,17.745649337768555,3.315829277038574,10.616262435913086,0.4029146134853363,0,0.0,0,0.15833333134651184,0.4583333432674408,-3.6077489852905273,17.745649337768555,-3.315829277038574,position_hardening_probability,0.02,8,0.2,0,0.42,M9a,1,0.0,1.0,argmax,0,RVWFRPTYKVDSDEGNFITIFFWK,3.4999297895410564e-06
8.946507453918457,0.5195680856704712,0.3976283669471741,11.745306968688965,0.05670791119337082,0.20029203593730927,0.5005407333374023,-0.5195680856704712,-0.3976283669471741,11.745306968688965,1.08378399090725e-05,-0.20029203593730927,-0.5005407333374023,-0.6299892067909241,2.485891819000244,0.045876383781433105,12.346546173095703,3.2178192138671875,8.946507453918457,0.6299892067909241,0,0.0,0,0.029032349586486816,0.32903236150741577,-2.485891819000244,12.346546173095703,-3.2178192138671875,position_hardening_probability,0.02,8,0.2,0,0.42,M9a,1,0.0,1.0,soft,0,RVWFRPTYKVDSDEGNFITIFFWK,2.3807852268218994
8.437543869018555,0.4512159824371338,0.1952713131904602,14.31623363494873,0.0833333358168602,0.20527450740337372,0.2618131935596466,-0.4512159824371338,-0.1952713131904602,14.31623363494873,0.0005444445996545255,-0.20527450740337372,-0.2618131935596466,-0.5226481556892395,2.974395275115967,0.11912637948989868,15.94068431854248,3.1954457759857178,8.437543869018555,0.5226481556892395,0,0.25,4,0.11666667461395264,0.4166666865348816,-2.974395275115967,15.94068431854248,-3.1954457759857178,position_hardening_probability,0.02,8,0.2,0,0.42,M9a,1,0.0,1.0,topk_sample,0,RFSFRPSYKVDKDEGNFITIFYWK,3.4999297895410564e-06
10.49309253692627,0.41805654764175415,0.28927549719810486,14.716862678527832,0.125,0.16555500030517578,0.32145780324935913,-0.41805654764175415,-0.28927549719810486,14.716862678527832,0.004224999807775021,-0.16555500030517578,-0.32145780324935913,-0.49614378809928894,2.9665279388427734,0.15925517678260803,14.72803783416748,3.1201171875,10.49309253692627,0.49614378809928894,1,0.25,4,0.15833333134651184,0.4583333432674408,-2.9665279388427734,14.72803783416748,-3.1201171875,position_hardening_probability,0.02,8,0.2,0,0.42,M9a,1,0.0,1.0,topk_sample,0,RMRIRATYKVDSKEGNFITIFFWP,3.4999297895410564e-06
11.682087898254395,0.3142421245574951,0.07578665018081665,18.85706901550293,0.0,0.0,0.08420310914516449,-0.3142421245574951,-0.07578665018081665,18.85706901550293,0.003599999938160181,-0.0,-0.08420310914516449,-0.3993925452232361,3.6856484413146973,0.11912637948989868,17.82659912109375,3.334073305130005,11.682087898254395,0.3993925452232361,2,0.25,4,0.11666667461395264,0.4166666865348816,-3.6856484413146973,17.82659912109375,-3.334073305130005,position_hardening_probability,0.02,8,0.2,0,0.42,M9a,1,0.0,1.0,topk_sample,0,RMHFRANYKVDSDDCKFITYWYPD,3.4999297895410564e-06
10.688702583312988,0.42913854122161865,0.349617063999176,14.310769081115723,0.0416666679084301,0.18870443105697632,0.39462411403656006,-0.42913854122161865,-0.349617063999176,14.310769081115723,0.0003361110284458846,-0.18870443105697632,-0.39462411403656006,-0.511282205581665,2.9728050231933594,0.08137406408786774,13.5111083984375,3.180220365524292,10.688702583312988,0.511282205581665,3,0.25,4,0.07499998807907104,0.375,-2.9728050231933594,13.5111083984375,-3.180220365524292,position_hardening_probability,0.02,8,0.2,0,0.42,M9a,1,0.0,1.0,topk_sample,0,RVHFRPTYKVDGKEGQFITYFFPD,3.4999297895410564e-06
9.0421142578125,0.5040020942687988,0.42389458417892456,12.698773384094238,0.0,0.20643913745880127,0.47378599643707275,-0.5040020942687988,-0.42389458417892456,12.698773384094238,0.003599999938160181,-0.20643913745880127,-0.47378599643707275,-0.5914037823677063,2.6153087615966797,0.11912637948989868,12.189067840576172,3.3255062103271484,9.0421142578125,0.5914037823677063,4,0.25,4,0.11666667461395264,0.4166666865348816,-2.6153087615966797,12.189067840576172,-3.3255062103271484,position_hardening_probability,0.02,8,0.2,0,0.42,M9a,1,0.0,1.0,topk_sample,0,RIWFPPTYKVDSDEGNMITIWFPK,3.4999297895410564e-06
8.279080390930176,0.498984158039093,0.3790019154548645,11.828508377075195,0.1666666716337204,0.17507219314575195,0.4708981513977051,-0.498984158039093,-0.3790019154548645,11.828508377075195,0.01137777790427208,-0.17507219314575195,-0.4708981513977051,-0.5787657499313354,2.883704900741577,0.08137406408786774,11.942532539367676,3.1041371822357178,8.279080390930176,0.5787657499313354,5,0.25,4,0.07499998807907104,0.375,-2.883704900741577,11.942532539367676,-3.1041371822357178,position_hardening_probability,0.02,8,0.2,0,0.42,M9a,1,0.0,1.0,topk_sample,0,RFRIRANSKVDSKECKFITISFWP,3.4999297895410564e-06
7.6491379737854,0.46675240993499756,0.23219361901283264,12.781217575073242,0.1666666716337204,0.14589980244636536,0.3196834623813629,-0.46675240993499756,-0.23219361901283264,12.781217575073242,0.01137777790427208,-0.14589980244636536,-0.3196834623813629,-0.5461861491203308,3.1035709381103516,0.11912637948989868,13.460829734802246,3.3273704051971436,7.6491379737854,0.5461861491203308,6,0.25,4,0.11666667461395264,0.4166666865348816,-3.1035709381103516,13.460829734802246,-3.3273704051971436,position_hardening_probability,0.02,8,0.2,0,0.42,M9a,1,0.0,1.0,topk_sample,0,RFWFRPNYKVDSKNGNFNTYFLWK,3.4999297895410564e-06
11.4585599899292,0.29575270414352417,0.08898569643497467,18.291975021362305,0.2083333432674408,0.042682964354753494,0.11201639473438263,-0.29575270414352417,-0.08898569643497467,18.291975021362305,0.022002780809998512,-0.042682964354753494,-0.11201639473438263,-0.4102253317832947,3.6009984016418457,0.11912637948989868,16.66172981262207,3.1926937103271484,11.4585599899292,0.4102253317832947,7,0.25,4,0.11666667461395264,0.4166666865348816,-3.6009984016418457,16.66172981262207,-3.1926937103271484,position_hardening_probability,0.02,8,0.2,0,0.42,M9a,1,0.0,1.0,topk_sample,0,RFWLRANYKPDGKNCQWITKWFIK,3.4999297895410564e-06
10.616262435913086,0.35695695877075195,0.08337649703025818,18.521303176879883,0.0416666679084301,0.07131389528512955,0.110272616147995,-0.35695695877075195,-0.08337649703025818,18.521303176879883,0.0003361110284458846,-0.07131389528512955,-0.110272616147995,-0.4029146134853363,3.6077489852905273,0.15925517678260803,17.745649337768555,3.315829277038574,10.616262435913086,0.4029146134853363,0,0.0,0,0.15833333134651184,0.4583333432674408,-3.6077489852905273,17.745649337768555,-3.315829277038574,position_hardening_consensus,0.02,8,0.2,8,0.75,M9b,1,0.0,1.0,argmax,0,RVWFRPTYKVDSDEGNFITIFFWK,3.4999297895410564e-06
8.521350860595703,0.5139825940132141,0.36517882347106934,12.161320686340332,0.08694454282522202,0.21833345293998718,0.4945827126502991,-0.5139825940132141,-0.36517882347106934,12.161320686340332,0.0007260084385052323,-0.21833345293998718,-0.4945827126502991,-0.6360548734664917,2.564556360244751,0.04184633120894432,13.005337715148926,3.209709644317627,8.521350860595703,0.6360548734664917,0,0.0,0,0.022839069366455078,0.32283908128738403,-2.564556360244751,13.005337715148926,-3.209709644317627,position_hardening_consensus,0.02,8,0.2,8,0.75,M9b,1,0.0,1.0,soft,0,RVWFRPTYKVDSDEGNFITIFFWK,2.2917540073394775
8.437543869018555,0.4512159824371338,0.1952713131904602,14.31623363494873,0.0833333358168602,0.20527450740337372,0.2618131935596466,-0.4512159824371338,-0.1952713131904602,14.31623363494873,0.0005444445996545255,-0.20527450740337372,-0.2618131935596466,-0.5226481556892395,2.974395275115967,0.11912637948989868,15.94068431854248,3.1954457759857178,8.437543869018555,0.5226481556892395,0,0.25,4,0.11666667461395264,0.4166666865348816,-2.974395275115967,15.94068431854248,-3.1954457759857178,position_hardening_consensus,0.02,8,0.2,8,0.75,M9b,1,0.0,1.0,topk_sample,0,RFSFRPSYKVDKDEGNFITIFYWK,3.4999297895410564e-06
10.49309253692627,0.41805654764175415,0.28927549719810486,14.716862678527832,0.125,0.16555500030517578,0.32145780324935913,-0.41805654764175415,-0.28927549719810486,14.716862678527832,0.004224999807775021,-0.16555500030517578,-0.32145780324935913,-0.49614378809928894,2.9665279388427734,0.15925517678260803,14.72803783416748,3.1201171875,10.49309253692627,0.49614378809928894,1,0.25,4,0.15833333134651184,0.4583333432674408,-2.9665279388427734,14.72803783416748,-3.1201171875,position_hardening_consensus,0.02,8,0.2,8,0.75,M9b,1,0.0,1.0,topk_sample,0,RMRIRATYKVDSKEGNFITIFFWP,3.4999297895410564e-06
11.682087898254395,0.3142421245574951,0.07578665018081665,18.85706901550293,0.0,0.0,0.08420310914516449,-0.3142421245574951,-0.07578665018081665,18.85706901550293,0.003599999938160181,-0.0,-0.08420310914516449,-0.3993925452232361,3.6856484413146973,0.11912637948989868,17.82659912109375,3.334073305130005,11.682087898254395,0.3993925452232361,2,0.25,4,0.11666667461395264,0.4166666865348816,-3.6856484413146973,17.82659912109375,-3.334073305130005,position_hardening_consensus,0.02,8,0.2,8,0.75,M9b,1,0.0,1.0,topk_sample,0,RMHFRANYKVDSDDCKFITYWYPD,3.4999297895410564e-06
10.688702583312988,0.42913854122161865,0.349617063999176,14.310769081115723,0.0416666679084301,0.18870443105697632,0.39462411403656006,-0.42913854122161865,-0.349617063999176,14.310769081115723,0.0003361110284458846,-0.18870443105697632,-0.39462411403656006,-0.511282205581665,2.9728050231933594,0.08137406408786774,13.5111083984375,3.180220365524292,10.688702583312988,0.511282205581665,3,0.25,4,0.07499998807907104,0.375,-2.9728050231933594,13.5111083984375,-3.180220365524292,position_hardening_consensus,0.02,8,0.2,8,0.75,M9b,1,0.0,1.0,topk_sample,0,RVHFRPTYKVDGKEGQFITYFFPD,3.4999297895410564e-06
9.444999694824219,0.5051044225692749,0.41531234979629517,13.00243854522705,0.0416666679084301,0.20695456862449646,0.4781481623649597,-0.5051044225692749,-0.41531234979629517,13.00243854522705,0.0003361110284458846,-0.20695456862449646,-0.4781481623649597,-0.5735948085784912,2.7776570320129395,0.11912637948989868,12.469578742980957,3.32275390625,9.444999694824219,0.5735948085784912,4,0.25,4,0.11666667461395264,0.4166666865348816,-2.7776570320129395,12.469578742980957,-3.32275390625,position_hardening_consensus,0.02,8,0.2,8,0.75,M9b,1,0.0,1.0,topk_sample,0,RIWFRPTYKVDSDEGNMITIWFPK,3.4999297895410564e-06
8.279080390930176,0.498984158039093,0.3790019154548645,11.828508377075195,0.1666666716337204,0.17507219314575195,0.4708981513977051,-0.498984158039093,-0.3790019154548645,11.828508377075195,0.01137777790427208,-0.17507219314575195,-0.4708981513977051,-0.5787657499313354,2.883704900741577,0.08137406408786774,11.942532539367676,3.1041371822357178,8.279080390930176,0.5787657499313354,5,0.25,4,0.07499998807907104,0.375,-2.883704900741577,11.942532539367676,-3.1041371822357178,position_hardening_consensus,0.02,8,0.2,8,0.75,M9b,1,0.0,1.0,topk_sample,0,RFRIRANSKVDSKECKFITISFWP,3.4999297895410564e-06
7.6491379737854,0.46675240993499756,0.23219361901283264,12.781217575073242,0.1666666716337204,0.14589980244636536,0.3196834623813629,-0.46675240993499756,-0.23219361901283264,12.781217575073242,0.01137777790427208,-0.14589980244636536,-0.3196834623813629,-0.5461861491203308,3.1035709381103516,0.11912637948989868,13.460829734802246,3.3273704051971436,7.6491379737854,0.5461861491203308,6,0.25,4,0.11666667461395264,0.4166666865348816,-3.1035709381103516,13.460829734802246,-3.3273704051971436,position_hardening_consensus,0.02,8,0.2,8,0.75,M9b,1,0.0,1.0,topk_sample,0,RFWFRPNYKVDSKNGNFNTYFLWK,3.4999297895410564e-06
11.4585599899292,0.29575270414352417,0.08898569643497467,18.291975021362305,0.2083333432674408,0.042682964354753494,0.11201639473438263,-0.29575270414352417,-0.08898569643497467,18.291975021362305,0.022002780809998512,-0.042682964354753494,-0.11201639473438263,-0.4102253317832947,3.6009984016418457,0.11912637948989868,16.66172981262207,3.1926937103271484,11.4585599899292,0.4102253317832947,7,0.25,4,0.11666667461395264,0.4166666865348816,-3.6009984016418457,16.66172981262207,-3.1926937103271484,position_hardening_consensus,0.02,8,0.2,8,0.75,M9b,1,0.0,1.0,topk_sample,0,RFWLRANYKPDGKNCQWITKWFIK,3.4999297895410564e-06
11.616270065307617,0.37203332781791687,0.23284754157066345,16.668787002563477,0.0416666679084301,0.21003800630569458,0.23284754157066345,-0.37203332781791687,-0.23284754157066345,16.668787002563477,0.0003361110284458846,-0.21003800630569458,-0.23284754157066345,-0.46716901659965515,3.310755491256714,0.08137406408786774,15.838788032531738,3.417391777038574,11.616270065307617,0.46716901659965515,0,0.0,0,0.07499998807907104,0.375,-3.310755491256714,15.838788032531738,-3.417391777038574,position_hardening_margin_lowsensitivity,0.02,8,0.2,0,0.12,M9c,1,0.0,1.0,argmax,0,RRWPRDNYKVNSDEGNFITIFFWP,3.4999297895410564e-06
8.97165584564209,0.5227622985839844,0.427543580532074,11.19873046875,0.09910869598388672,0.19721534848213196,0.48446160554885864,-0.5227622985839844,-0.427543580532074,11.19873046875,0.0015294902259483933,-0.19721534848213196,-0.48446160554885864,-0.6307536363601685,2.5469491481781006,0.06678760051727295,12.096261978149414,3.2590599060058594,8.97165584564209,0.6307536363601685,0,0.0,0,0.057421594858169556,0.3574216067790985,-2.5469491481781006,12.096261978149414,-3.2590599060058594,position_hardening_margin_lowsensitivity,0.02,8,0.2,0,0.12,M9c,1,0.0,1.0,soft,0,RRWPRDNYKVNSDEGNFITIFFWP,1.9923080205917358
9.701333045959473,0.42258182168006897,0.1950027197599411,15.637307167053223,0.0833333358168602,0.15871503949165344,0.2512592375278473,-0.42258182168006897,-0.1950027197599411,15.637307167053223,0.0005444445996545255,-0.15871503949165344,-0.2512592375278473,-0.500909686088562,3.435868263244629,0.11912637948989868,15.47602653503418,3.1178090572357178,9.701333045959473,0.500909686088562,0,0.25,4,0.11666667461395264,0.4166666865348816,-3.435868263244629,15.47602653503418,-3.1178090572357178,position_hardening_margin_lowsensitivity,0.02,8,0.2,0,0.12,M9c,1,0.0,1.0,topk_sample,0,RRIPRSSYKVNADEGNFITIFFWP,3.4999297895410564e-06
12.029667854309082,0.3585980534553528,0.14384441077709198,17.619041442871094,0.125,0.16115707159042358,0.15726658701896667,-0.3585980534553528,-0.14384441077709198,17.619041442871094,0.004224999807775021,-0.16115707159042358,-0.15726658701896667,-0.4165252149105072,3.478250026702881,0.08137406408786774,17.004446029663086,3.2805399894714355,12.029667854309082,0.4165252149105072,1,0.25,4,0.07499998807907104,0.375,-3.478250026702881,17.004446029663086,-3.2805399894714355,position_hardening_margin_lowsensitivity,0.02,8,0.2,0,0.12,M9c,1,0.0,1.0,topk_sample,0,RRVSRSNYKVNSKECNFITIFFWD,3.4999297895410564e-06
11.54918384552002,0.34103772044181824,0.12953202426433563,17.69129753112793,0.125,0.0,0.14239704608917236,-0.34103772044181824,-0.12953202426433563,17.69129753112793,0.004224999807775021,-0.0,-0.14239704608917236,-0.41792282462120056,3.752572774887085,0.08137406408786774,16.638925552368164,3.298295497894287,11.54918384552002,0.41792282462120056,2,0.25,4,0.07499998807907104,0.375,-3.752572774887085,16.638925552368164,-3.298295497894287,position_hardening_margin_lowsensitivity,0.02,8,0.2,0,0.12,M9c,1,0.0,1.0,topk_sample,0,RRIPRSGYKVNSDTCQFITILFWT,3.4999297895410564e-06
10.840214729309082,0.4313649535179138,0.37594255805015564,14.069880485534668,0.1666666716337204,0.1672571450471878,0.37594255805015564,-0.4313649535179138,-0.37594255805015564,14.069880485534668,0.01137777790427208,-0.1672571450471878,-0.37594255805015564,-0.5245984792709351,3.234435796737671,0.08137406408786774,13.723469734191895,3.259854555130005,10.840214729309082,0.5245984792709351,3,0.25,4,0.07499998807907104,0.375,-3.234435796737671,13.723469734191895,-3.259854555130005,position_hardening_margin_lowsensitivity,0.02,8,0.2,0,0.12,M9c,1,0.0,1.0,topk_sample,0,RRVPRSNYKVNGKEGQFITLFFWT,3.4999297895410564e-06
9.15169906616211,0.5512633323669434,0.4657439589500427,12.709309577941895,0.0833333358168602,0.2160411924123764,0.5072047114372253,-0.5512633323669434,-0.4657439589500427,12.709309577941895,0.0005444445996545255,-0.2160411924123764,-0.5072047114372253,-0.6039678454399109,2.777034282684326,0.04879586026072502,12.391586303710938,3.2156429290771484,9.15169906616211,0.6039678454399109,4,0.25,4,0.03333333134651184,0.3333333432674408,-2.777034282684326,12.391586303710938,-3.2156429290771484,position_hardening_margin_lowsensitivity,0.02,8,0.2,0,0.12,M9c,1,0.0,1.0,topk_sample,0,RRWPRNNYKVNGDEGNSITILFWP,3.4999297895410564e-06
9.121485710144043,0.43691927194595337,0.15717139840126038,16.330121994018555,0.1666666716337204,0.17910102009773254,0.18510684370994568,-0.43691927194595337,-0.15717139840126038,16.330121994018555,0.01137777790427208,-0.17910102009773254,-0.18510684370994568,-0.4501226842403412,3.1144590377807617,0.04879586026072502,17.303667068481445,3.204057216644287,9.121485710144043,0.4501226842403412,5,0.25,4,0.03333333134651184,0.3333333432674408,-3.1144590377807617,17.303667068481445,-3.204057216644287,position_hardening_margin_lowsensitivity,0.02,8,0.2,0,0.12,M9c,1,0.0,1.0,topk_sample,0,RRVSRSSYKVNSKECHFITIRFWD,3.4999297895410564e-06
10.978117942810059,0.39697426557540894,0.30782854557037354,14.921844482421875,0.125,0.13586688041687012,0.358456552028656,-0.39697426557540894,-0.30782854557037354,14.921844482421875,0.004224999807775021,-0.13586688041687012,-0.358456552028656,-0.5052170753479004,3.2054803371429443,0.11912637948989868,13.634242057800293,3.366166591644287,10.978117942810059,0.5052170753479004,6,0.25,4,0.11666667461395264,0.4166666865348816,-3.2054803371429443,13.634242057800293,-3.366166591644287,position_hardening_margin_lowsensitivity,0.02,8,0.2,0,0.12,M9c,1,0.0,1.0,topk_sample,0,LRWPRDGYRVNSKTGQFVTIFWWP,3.4999297895410564e-06
12.34080696105957,0.2868865132331848,0.06915830075740814,19.251962661743164,0.25,0.0,0.09297925233840942,-0.2868865132331848,-0.06915830075740814,19.251962661743164,0.03610000014305115,-0.0,-0.09297925233840942,-0.3911116123199463,3.7859621047973633,0.024922456592321396,17.56827163696289,3.5119853019714355,12.34080696105957,0.3911116123199463,7,0.25,4,-0.008333325386047363,0.2916666865348816,-3.7859621047973633,17.56827163696289,-3.5119853019714355,position_hardening_margin_lowsensitivity,0.02,8,0.2,0,0.12,M9c,1,0.0,1.0,topk_sample,0,RRWPRSGYRTNGKNCQMITKLFWP,3.4999297895410564e-06
10.846034049987793,0.48359712958335876,0.3676472306251526,14.400497436523438,-0.0416666679084301,0.16233548521995544,0.41543710231781006,-0.48359712958335876,-0.3676472306251526,14.400497436523438,0.010336111299693584,-0.16233548521995544,-0.41543710231781006,-0.5623104572296143,2.9244658946990967,0.024922456592321396,13.656757354736328,3.292924404144287,10.846034049987793,0.5623104572296143,0,0.0,0,-0.008333325386047363,0.2916666865348816,-2.9244658946990967,13.656757354736328,-3.292924404144287,naive_weighted,0.02,8,0.0,0,0.0,M3,1,0.0,1.0,argmax,1,ETMNPGPHNFPGRPWVTITFPPLD,3.4999297895410564e-06
3.670210123062134,0.8394289612770081,0.6429837942123413,5.984377384185791,-0.012343893758952618,0.3278282582759857,0.7882755994796753,-0.8394289612770081,-0.6429837942123413,5.984377384185791,0.005233638919889927,-0.3278282582759857,-0.7882755994796753,-0.8228976726531982,1.989915370941162,0.04974740743637085,7.811058044433594,3.2175209522247314,3.670210123062134,0.8228976726531982,0,0.0,0,0.03470546007156372,0.3347054719924927,-1.989915370941162,7.811058044433594,-3.2175209522247314,naive_weighted,0.02,8,0.0,0,0.0,M3,1,0.0,1.0,soft,1,ETMNPGPHNFPGRPWVTITFPPLD,2.0474658012390137
11.265645027160645,0.4945153594017029,0.4679599702358246,13.99814224243164,-0.0416666679084301,0.20845532417297363,0.47287338972091675,-0.4945153594017029,-0.4679599702358246,13.99814224243164,0.010336111299693584,-0.20845532417297363,-0.47287338972091675,-0.5994266271591187,2.869046688079834,0.024922456592321396,12.0861177444458,3.013716459274292,11.265645027160645,0.5994266271591187,0,0.25,4,-0.008333325386047363,0.2916666865348816,-2.869046688079834,12.0861177444458,-3.013716459274292,naive_weighted,0.02,8,0.0,0,0.0,M3,1,0.0,1.0,topk_sample,1,EPITPSPHNFPGKPMVTITFPPLE,3.4999297895410564e-06
9.560409545898438,0.5338332653045654,0.45541542768478394,12.777084350585938,0.0,0.21310976147651672,0.5163282155990601,-0.5338332653045654,-0.45541542768478394,12.777084350585938,0.003599999938160181,-0.21310976147651672,-0.5163282155990601,-0.6224917769432068,2.679698944091797,0.010970099829137325,12.445149421691895,3.313032865524292,9.560409545898438,0.6224917769432068,1,0.25,4,-0.050000011920928955,0.25,-2.679698944091797,12.445149421691895,-3.313032865524292,naive_weighted,0.02,8,0.0,0,0.0,M3,1,0.0,1.0,topk_sample,1,ETPNPSTYNFPGRNFMTITFPPPG,3.4999297895410564e-06
10.792633056640625,0.4808947443962097,0.40229034423828125,13.622814178466797,-0.0416666679084301,0.17682033777236938,0.4405643343925476,-0.4808947443962097,-0.40229034423828125,13.622814178466797,0.010336111299693584,-0.17682033777236938,-0.4405643343925476,-0.5807830095291138,2.957688331604004,0.010970099829137325,13.212736129760742,3.1194958686828613,10.792633056640625,0.5807830095291138,2,0.25,4,-0.050000011920928955,0.25,-2.957688331604004,13.212736129760742,-3.1194958686828613,naive_weighted,0.02,8,0.0,0,0.0,M3,1,0.0,1.0,topk_sample,1,ETINPSPHNFPEKPWMTITLPPPG,3.4999297895410564e-06
9.541523933410645,0.5284934043884277,0.4232146739959717,12.899988174438477,0.0,0.19399818778038025,0.48578977584838867,-0.5284934043884277,-0.4232146739959717,12.899988174438477,0.003599999938160181,-0.19399818778038025,-0.48578977584838867,-0.5910807251930237,2.7485246658325195,0.024922456592321396,12.706853866577148,3.370650053024292,9.541523933410645,0.5910807251930237,3,0.25,4,-0.008333325386047363,0.2916666865348816,-2.7485246658325195,12.706853866577148,-3.370650053024292,naive_weighted,0.02,8,0.0,0,0.0,M3,1,0.0,1.0,topk_sample,1,MTMNSGPHNFPGRPWVTITFPPTD,3.4999297895410564e-06
10.61656379699707,0.4932402968406677,0.40103667974472046,13.729570388793945,-0.0416666679084301,0.17728191614151,0.45585325360298157,-0.4932402968406677,-0.40103667974472046,13.729570388793945,0.010336111299693584,-0.17728191614151,-0.45585325360298157,-0.5873317718505859,2.8815579414367676,0.024922456592321396,12.891674995422363,3.0665395259857178,10.61656379699707,0.5873317718505859,4,0.25,4,-0.008333325386047363,0.2916666865348816,-2.8815579414367676,12.891674995422363,-3.0665395259857178,naive_weighted,0.02,8,0.0,0,0.0,M3,1,0.0,1.0,topk_sample,1,ETITPSPGNFPGKPWITITFPPLE,3.4999297895410564e-06
9.198694229125977,0.5453475713729858,0.471103310585022,12.2584228515625,0.0416666679084301,0.21569305658340454,0.5188302993774414,-0.5453475713729858,-0.471103310585022,12.2584228515625,0.0003361110284458846,-0.21569305658340454,-0.5188302993774414,-0.6215121746063232,2.7049036026000977,0.024922456592321396,11.957351684570312,3.4006125926971436,9.198694229125977,0.6215121746063232,5,0.25,4,-0.008333325386047363,0.2916666865348816,-2.7049036026000977,11.957351684570312,-3.4006125926971436,naive_weighted,0.02,8,0.0,0,0.0,M3,1,0.0,1.0,topk_sample,1,RPMNPGTGNFPGKNWMTVTFPPLD,3.4999297895410564e-06
11.648785591125488,0.4439733028411865,0.3002372682094574,15.943167686462402,-0.125,0.19819527864456177,0.3944709897041321,-0.4439733028411865,-0.3002372682094574,15.943167686462402,0.03422500193119049,-0.19819527864456177,-0.3944709897041321,-0.54707932472229,2.888617515563965,0.024922456592321396,15.05622673034668,3.3367810249328613,11.648785591125488,0.54707932472229,6,0.25,4,-0.008333325386047363,0.2916666865348816,-2.888617515563965,15.05622673034668,-3.3367810249328613,naive_weighted,0.02,8,0.0,0,0.0,M3,1,0.0,1.0,topk_sample,1,EPMDPSTYNGPEKVVMTITFPPND,3.4999297895410564e-06
11.483335494995117,0.46584028005599976,0.3471001982688904,15.213153839111328,-0.0416666679084301,0.1493905484676361,0.36349233984947205,-0.46584028005599976,-0.3471001982688904,15.213153839111328,0.010336111299693584,-0.1493905484676361,-0.36349233984947205,-0.5467343330383301,3.0819926261901855,0.010970099829137325,13.947257041931152,3.362393617630005,11.483335494995117,0.5467343330383301,7,0.25,4,-0.050000011920928955,0.25,-3.0819926261901855,13.947257041931152,-3.362393617630005,naive_weighted,0.02,8,0.0,0,0.0,M3,1,0.0,1.0,topk_sample,1,ETMNPGPYEGPNRPWVTITFPPPP,3.4999297895410564e-06
11.610187530517578,0.382174015045166,0.18684110045433044,16.630083084106445,-0.0833333358168602,0.09110293537378311,0.18684110045433044,-0.382174015045166,-0.18684110045433044,16.630083084106445,0.020544443279504776,-0.09110293537378311,-0.18684110045433044,-0.4630686640739441,3.5817484855651855,0.024922456592321396,15.207722663879395,3.17578125,11.610187530517578,0.4630686640739441,0,0.0,0,-0.008333325386047363,0.2916666865348816,-3.5817484855651855,15.207722663879395,-3.17578125,contact_preserving_soft_cone,0.08,10,0.0,0,0.0,M7c,1,0.6,1.0,argmax,1,ETNTGTTTEFPNNVSSTIWFTIAG,3.4999297895410564e-06
8.472821235656738,0.590039849281311,0.5769498348236084,11.001456260681152,0.11068972945213318,0.28849467635154724,0.5769498348236084,-0.590039849281311,-0.5769498348236084,11.001456260681152,0.0025694489013403654,-0.28849467635154724,-0.5769498348236084,-0.6571016907691956,2.3897557258605957,0.007432266138494015,11.117119789123535,3.058781862258911,8.472821235656738,0.6571016907691956,0,0.0,0,-0.06805658340454102,0.23194342851638794,-2.3897557258605957,11.117119789123535,-3.058781862258911,contact_preserving_soft_cone,0.08,10,0.0,0,0.0,M7c,1,0.6,1.0,soft,1,ETNTGTTTEFPNNVSSTIWFTIAG,2.3427467346191406
12.761512756347656,0.35849878191947937,0.14587213099002838,17.06852149963379,0.0416666679084301,0.08657312393188477,0.18086707592010498,-0.35849878191947937,-0.14587213099002838,17.06852149963379,0.0003361110284458846,-0.08657312393188477,-0.18086707592010498,-0.4738801419734955,3.430652141571045,0.04879586026072502,16.550073623657227,3.1243786811828613,12.761512756347656,0.4738801419734955,0,0.25,4,0.03333333134651184,0.3333333432674408,-3.430652141571045,16.550073623657227,-3.1243786811828613,contact_preserving_soft_cone,0.08,10,0.0,0,0.0,M7c,1,0.6,1.0,topk_sample,1,ETTSPKTTEFPNVVRSTLWFTIAK,3.4999297895410564e-06
6.389099597930908,0.6333127021789551,0.4798409640789032,9.491419792175293,0.125,0.21244359016418457,0.5735422372817993,-0.6333127021789551,-0.4798409640789032,9.491419792175293,0.004224999807775021,-0.21244359016418457,-0.5735422372817993,-0.6777505874633789,2.5333478450775146,0.04879586026072502,10.87908935546875,3.2459163665771484,6.389099597930908,0.6777505874633789,1,0.25,4,0.03333333134651184,0.3333333432674408,-2.5333478450775146,10.87908935546875,-3.2459163665771484,contact_preserving_soft_cone,0.08,10,0.0,0,0.0,M7c,1,0.6,1.0,topk_sample,1,ETRTGKYTKFPNNNKSTIVFSIAV,3.4999297895410564e-06
14.157340049743652,0.3038700520992279,0.08727525919675827,19.48366355895996,0.0416666679084301,0.0,0.0950290709733963,-0.3038700520992279,-0.08727525919675827,19.48366355895996,0.0003361110284458846,-0.0,-0.0950290709733963,-0.42662638425827026,3.6720666885375977,0.010970099829137325,18.44233512878418,2.8157405853271484,14.157340049743652,0.42662638425827026,2,0.25,4,-0.050000011920928955,0.25,-3.6720666885375977,18.44233512878418,-2.8157405853271484,contact_preserving_soft_cone,0.08,10,0.0,0,0.0,M7c,1,0.6,1.0,topk_sample,1,ETTTPKTTEFPGVVSSTITKTIKV,3.4999297895410564e-06
14.177055358886719,0.26594114303588867,0.09613378345966339,19.55645751953125,0.0,0.0,0.09613378345966339,-0.26594114303588867,-0.09613378345966339,19.55645751953125,0.003599999938160181,-0.0,-0.09613378345966339,-0.41013669967651367,3.89184832572937,0.024922456592321396,17.860931396484375,3.3121449947357178,14.177055358886719,0.41013669967651367,3,0.25,4,-0.008333325386047363,0.2916666865348816,-3.89184832572937,17.860931396484375,-3.3121449947357178,contact_preserving_soft_cone,0.08,10,0.0,0,0.0,M7c,1,0.6,1.0,topk_sample,1,RTNTPPTTEFPGNVSSTLWFSIAG,3.4999297895410564e-06
11.8301362991333,0.3555298447608948,0.1800854206085205,16.50057029724121,0.0,0.0900430828332901,0.1800854206085205,-0.3555298447608948,-0.1800854206085205,16.50057029724121,0.003599999938160181,-0.0900430828332901,-0.1800854206085205,-0.46640121936798096,3.4162750244140625,0.11912637948989868,15.55862808227539,3.1435546875,11.8301362991333,0.46640121936798096,4,0.25,4,0.11666667461395264,0.4166666865348816,-3.4162750244140625,15.55862808227539,-3.1435546875,contact_preserving_soft_cone,0.08,10,0.0,0,0.0,M7c,1,0.6,1.0,topk_sample,1,ETTSPKYSEFPNVVSSTIWFIIAK,3.4999297895410564e-06
12.866637229919434,0.3072494864463806,0.1004684716463089,19.00135040283203,0.0416666679084301,0.0,0.1068582758307457,-0.3072494864463806,-0.1004684716463089,19.00135040283203,0.0003361110284458846,-0.0,-0.1068582758307457,-0.4037282168865204,3.7360494136810303,0.024922456592321396,16.771621704101562,3.3160512447357178,12.866637229919434,0.4037282168865204,5,0.25,4,-0.008333325386047363,0.2916666865348816,-3.7360494136810303,16.771621704101562,-3.3160512447357178,contact_preserving_soft_cone,0.08,10,0.0,0,0.0,M7c,1,0.6,1.0,topk_sample,1,ETNTGPYTKFPNVNSSTLWFTRAG,3.4999297895410564e-06
12.496411323547363,0.3249669671058655,0.1334361732006073,18.071083068847656,0.0833333358168602,0.16235175728797913,0.14069223403930664,-0.3249669671058655,-0.1334361732006073,18.071083068847656,0.0005444445996545255,-0.16235175728797913,-0.14069223403930664,-0.40007492899894714,3.364954710006714,0.010970099829137325,16.890052795410156,3.097079277038574,12.496411323547363,0.40007492899894714,6,0.25,4,-0.050000011920928955,0.25,-3.364954710006714,16.890052795410156,-3.097079277038574,contact_preserving_soft_cone,0.08,10,0.0,0,0.0,M7c,1,0.6,1.0,topk_sample,1,ETNTGRYTKGPGVKGSTIWYSITG,3.4999297895410564e-06
13.726250648498535,0.358816921710968,0.2216643989086151,18.036376953125,0.0,0.1900058537721634,0.22843365371227264,-0.358816921710968,-0.2216643989086151,18.036376953125,0.003599999938160181,-0.1900058537721634,-0.22843365371227264,-0.4867858290672302,3.49342679977417,0.024922456592321396,16.5646915435791,2.991299867630005,13.726250648498535,0.4867858290672302,7,0.25,4,-0.008333325386047363,0.2916666865348816,-3.49342679977417,16.5646915435791,-2.991299867630005,contact_preserving_soft_cone,0.08,10,0.0,0,0.0,M7c,1,0.6,1.0,topk_sample,1,ETNTPPTTKGPSNVSSTLVFIIAG,3.4999297895410564e-06
10.846034049987793,0.48359712958335876,0.3676472306251526,14.400497436523438,-0.0416666679084301,0.16233548521995544,0.41543710231781006,-0.48359712958335876,-0.3676472306251526,14.400497436523438,0.010336111299693584,-0.16233548521995544,-0.41543710231781006,-0.5623104572296143,2.9244658946990967,0.024922456592321396,13.656757354736328,3.292924404144287,10.846034049987793,0.5623104572296143,0,0.0,0,-0.008333325386047363,0.2916666865348816,-2.9244658946990967,13.656757354736328,-3.292924404144287,contact_qp_grid,0.08,10,0.0,0,0.0,M8a,0,0.6,1.0,argmax,1,ETMNPGPHNFPGRPWVTITFPPLD,3.4999297895410564e-06
3.6739327907562256,0.8361138701438904,0.6297183036804199,6.132450580596924,-0.013053498230874538,0.3193570077419281,0.784530758857727,-0.8361138701438904,-0.6297183036804199,6.132450580596924,0.005336813163012266,-0.3193570077419281,-0.784530758857727,-0.8206490874290466,2.0018482208251953,0.07339829206466675,8.137784957885742,3.293015718460083,3.6739327907562256,0.8206490874290466,0,0.0,0,0.06554526090621948,0.36554527282714844,-2.0018482208251953,8.137784957885742,-3.293015718460083,contact_qp_grid,0.08,10,0.0,0,0.0,M8a,0,0.6,1.0,soft,1,ETMNPGPHNFPGRPWVTITFPPLD,2.0356414318084717
11.421424865722656,0.4710736870765686,0.3927897810935974,14.777408599853516,-0.0833333358168602,0.1780575066804886,0.42903751134872437,-0.4710736870765686,-0.3927897810935974,14.777408599853516,0.020544443279504776,-0.1780575066804886,-0.42903751134872437,-0.5700962543487549,2.9475226402282715,0.04879586026072502,13.677997589111328,3.005815029144287,11.421424865722656,0.5700962543487549,0,0.25,4,0.03333333134651184,0.3333333432674408,-2.9475226402282715,13.677997589111328,-3.005815029144287,contact_qp_grid,0.08,10,0.0,0,0.0,M8a,0,0.6,1.0,topk_sample,1,ETITPSPHNFPGIPFVTITFPPLE,3.4999297895410564e-06
10.298812866210938,0.5110231637954712,0.42209428548812866,13.334571838378906,0.0,0.19042572379112244,0.48165494203567505,-0.5110231637954712,-0.42209428548812866,13.334571838378906,0.003599999938160181,-0.19042572379112244,-0.48165494203567505,-0.5867862105369568,2.7116944789886475,0.024922456592321396,13.196612358093262,3.322798490524292,10.298812866210938,0.5867862105369568,1,0.25,4,-0.008333325386047363,0.2916666865348816,-2.7116944789886475,13.196612358093262,-3.322798490524292,contact_qp_grid,0.08,10,0.0,0,0.0,M8a,0,0.6,1.0,topk_sample,1,ETMNPSTYNFPGRNVMTITFPPPG,3.4999297895410564e-06
10.351020812988281,0.5075803995132446,0.43209344148635864,13.065699577331543,-0.0416666679084301,0.19955149292945862,0.4862934947013855,-0.5075803995132446,-0.43209344148635864,13.065699577331543,0.010336111299693584,-0.19955149292945862,-0.4862934947013855,-0.6077178120613098,2.817460060119629,0.010970099829137325,12.79753589630127,3.270419120788574,10.351020812988281,0.6077178120613098,2,0.25,4,-0.050000011920928955,0.25,-2.817460060119629,12.79753589630127,-3.270419120788574,contact_qp_grid,0.08,10,0.0,0,0.0,M8a,0,0.6,1.0,topk_sample,1,ETINPGPHNFPEKPWMTITWPPPG,3.4999297895410564e-06
11.491829872131348,0.4512154757976532,0.3013141453266144,15.676166534423828,0.0416666679084301,0.1414811611175537,0.33901286125183105,-0.4512154757976532,-0.3013141453266144,15.676166534423828,0.0003361110284458846,-0.1414811611175537,-0.33901286125183105,-0.5170820951461792,3.0709757804870605,0.024922456592321396,15.183883666992188,3.3092153072357178,11.491829872131348,0.5170820951461792,3,0.25,4,-0.008333325386047363,0.2916666865348816,-3.0709757804870605,15.183883666992188,-3.3092153072357178,contact_qp_grid,0.08,10,0.0,0,0.0,M8a,0,0.6,1.0,topk_sample,1,RTMNSGPHNFPGRPWVTITFPPAD,3.4999297895410564e-06
10.65766429901123,0.493960440158844,0.40973830223083496,13.746052742004395,-0.0416666679084301,0.18296222388744354,0.45112353563308716,-0.493960440158844,-0.40973830223083496,13.746052742004395,0.010336111299693584,-0.18296222388744354,-0.45112353563308716,-0.57016521692276,2.8910388946533203,0.024922456592321396,12.844320297241211,3.0959250926971436,10.65766429901123,0.57016521692276,4,0.25,4,-0.008333325386047363,0.2916666865348816,-2.8910388946533203,12.844320297241211,-3.0959250926971436,contact_qp_grid,0.08,10,0.0,0,0.0,M8a,0,0.6,1.0,topk_sample,1,ETITPSPGNFPGKPWITITFPPLD,3.4999297895410564e-06
12.99472427368164,0.3948342204093933,0.2667388916015625,16.587371826171875,0.0,0.17974397540092468,0.30885636806488037,-0.3948342204093933,-0.2667388916015625,16.587371826171875,0.003599999938160181,-0.17974397540092468,-0.30885636806488037,-0.4865978956222534,3.092453718185425,0.08137406408786774,16.553674697875977,3.5344905853271484,12.99472427368164,0.4865978956222534,5,0.25,4,0.07499998807907104,0.375,-3.092453718185425,16.553674697875977,-3.5344905853271484,contact_qp_grid,0.08,10,0.0,0,0.0,M8a,0,0.6,1.0,topk_sample,1,MPMNPGTHNFPGKVWMTITFPPLD,3.4999297895410564e-06
12.7372407913208,0.4216136336326599,0.2698848843574524,17.57369041442871,-0.125,0.21716386079788208,0.3811262845993042,-0.4216136336326599,-0.2698848843574524,17.57369041442871,0.03422500193119049,-0.21716386079788208,-0.3811262845993042,-0.529417872428894,2.911869525909424,0.024922456592321396,16.5880126953125,3.51708984375,12.7372407913208,0.529417872428894,6,0.25,4,-0.008333325386047363,0.2916666865348816,-2.911869525909424,16.5880126953125,-3.51708984375,contact_qp_grid,0.08,10,0.0,0,0.0,M8a,0,0.6,1.0,topk_sample,1,EPMDPNTYNGPEKVMMTITFPPND,3.4999297895410564e-06
11.483335494995117,0.46584028005599976,0.3471001982688904,15.213153839111328,-0.0416666679084301,0.1493905484676361,0.36349233984947205,-0.46584028005599976,-0.3471001982688904,15.213153839111328,0.010336111299693584,-0.1493905484676361,-0.36349233984947205,-0.5467343330383301,3.0819926261901855,0.010970099829137325,13.947257041931152,3.362393617630005,11.483335494995117,0.5467343330383301,7,0.25,4,-0.050000011920928955,0.25,-3.0819926261901855,13.947257041931152,-3.362393617630005,contact_qp_grid,0.08,10,0.0,0,0.0,M8a,0,0.6,1.0,topk_sample,1,ETMNPGPYEGPNRPWVTITFPPPP,3.4999297895410564e-06
10.846034049987793,0.48359712958335876,0.3676472306251526,14.400497436523438,-0.0416666679084301,0.16233548521995544,0.41543710231781006,-0.48359712958335876,-0.3676472306251526,14.400497436523438,0.010336111299693584,-0.16233548521995544,-0.41543710231781006,-0.5623104572296143,2.9244658946990967,0.024922456592321396,13.656757354736328,3.292924404144287,10.846034049987793,0.5623104572296143,0,0.0,0,-0.008333325386047363,0.2916666865348816,-2.9244658946990967,13.656757354736328,-3.292924404144287,contact_qp_grid_contact_first,0.06,10,0.0,0,0.0,M8g,0,0.6,1.0,argmax,1,ETMNPGPHNFPGRPWVTITFPPLD,3.4999297895410564e-06
3.6739327907562256,0.8361138701438904,0.6297183036804199,6.132450580596924,-0.013053498230874538,0.3193570077419281,0.784530758857727,-0.8361138701438904,-0.6297183036804199,6.132450580596924,0.005336813163012266,-0.3193570077419281,-0.784530758857727,-0.8206490874290466,2.0018482208251953,0.07339829206466675,8.137784957885742,3.293015718460083,3.6739327907562256,0.8206490874290466,0,0.0,0,0.06554526090621948,0.36554527282714844,-2.0018482208251953,8.137784957885742,-3.293015718460083,contact_qp_grid_contact_first,0.06,10,0.0,0,0.0,M8g,0,0.6,1.0,soft,1,ETMNPGPHNFPGRPWVTITFPPLD,2.0356414318084717
11.421424865722656,0.4710736870765686,0.3927897810935974,14.777408599853516,-0.0833333358168602,0.1780575066804886,0.42903751134872437,-0.4710736870765686,-0.3927897810935974,14.777408599853516,0.020544443279504776,-0.1780575066804886,-0.42903751134872437,-0.5700962543487549,2.9475226402282715,0.04879586026072502,13.677997589111328,3.005815029144287,11.421424865722656,0.5700962543487549,0,0.25,4,0.03333333134651184,0.3333333432674408,-2.9475226402282715,13.677997589111328,-3.005815029144287,contact_qp_grid_contact_first,0.06,10,0.0,0,0.0,M8g,0,0.6,1.0,topk_sample,1,ETITPSPHNFPGIPFVTITFPPLE,3.4999297895410564e-06
10.298812866210938,0.5110231637954712,0.42209428548812866,13.334571838378906,0.0,0.19042572379112244,0.48165494203567505,-0.5110231637954712,-0.42209428548812866,13.334571838378906,0.003599999938160181,-0.19042572379112244,-0.48165494203567505,-0.5867862105369568,2.7116944789886475,0.024922456592321396,13.196612358093262,3.322798490524292,10.298812866210938,0.5867862105369568,1,0.25,4,-0.008333325386047363,0.2916666865348816,-2.7116944789886475,13.196612358093262,-3.322798490524292,contact_qp_grid_contact_first,0.06,10,0.0,0,0.0,M8g,0,0.6,1.0,topk_sample,1,ETMNPSTYNFPGRNVMTITFPPPG,3.4999297895410564e-06
10.351020812988281,0.5075803995132446,0.43209344148635864,13.065699577331543,-0.0416666679084301,0.19955149292945862,0.4862934947013855,-0.5075803995132446,-0.43209344148635864,13.065699577331543,0.010336111299693584,-0.19955149292945862,-0.4862934947013855,-0.6077178120613098,2.817460060119629,0.010970099829137325,12.79753589630127,3.270419120788574,10.351020812988281,0.6077178120613098,2,0.25,4,-0.050000011920928955,0.25,-2.817460060119629,12.79753589630127,-3.270419120788574,contact_qp_grid_contact_first,0.06,10,0.0,0,0.0,M8g,0,0.6,1.0,topk_sample,1,ETINPGPHNFPEKPWMTITWPPPG,3.4999297895410564e-06
11.491829872131348,0.4512154757976532,0.3013141453266144,15.676166534423828,0.0416666679084301,0.1414811611175537,0.33901286125183105,-0.4512154757976532,-0.3013141453266144,15.676166534423828,0.0003361110284458846,-0.1414811611175537,-0.33901286125183105,-0.5170820951461792,3.0709757804870605,0.024922456592321396,15.183883666992188,3.3092153072357178,11.491829872131348,0.5170820951461792,3,0.25,4,-0.008333325386047363,0.2916666865348816,-3.0709757804870605,15.183883666992188,-3.3092153072357178,contact_qp_grid_contact_first,0.06,10,0.0,0,0.0,M8g,0,0.6,1.0,topk_sample,1,RTMNSGPHNFPGRPWVTITFPPAD,3.4999297895410564e-06
10.65766429901123,0.493960440158844,0.40973830223083496,13.746052742004395,-0.0416666679084301,0.18296222388744354,0.45112353563308716,-0.493960440158844,-0.40973830223083496,13.746052742004395,0.010336111299693584,-0.18296222388744354,-0.45112353563308716,-0.57016521692276,2.8910388946533203,0.024922456592321396,12.844320297241211,3.0959250926971436,10.65766429901123,0.57016521692276,4,0.25,4,-0.008333325386047363,0.2916666865348816,-2.8910388946533203,12.844320297241211,-3.0959250926971436,contact_qp_grid_contact_first,0.06,10,0.0,0,0.0,M8g,0,0.6,1.0,topk_sample,1,ETITPSPGNFPGKPWITITFPPLD,3.4999297895410564e-06
12.99472427368164,0.3948342204093933,0.2667388916015625,16.587371826171875,0.0,0.17974397540092468,0.30885636806488037,-0.3948342204093933,-0.2667388916015625,16.587371826171875,0.003599999938160181,-0.17974397540092468,-0.30885636806488037,-0.4865978956222534,3.092453718185425,0.08137406408786774,16.553674697875977,3.5344905853271484,12.99472427368164,0.4865978956222534,5,0.25,4,0.07499998807907104,0.375,-3.092453718185425,16.553674697875977,-3.5344905853271484,contact_qp_grid_contact_first,0.06,10,0.0,0,0.0,M8g,0,0.6,1.0,topk_sample,1,MPMNPGTHNFPGKVWMTITFPPLD,3.4999297895410564e-06
12.7372407913208,0.4216136336326599,0.2698848843574524,17.57369041442871,-0.125,0.21716386079788208,0.3811262845993042,-0.4216136336326599,-0.2698848843574524,17.57369041442871,0.03422500193119049,-0.21716386079788208,-0.3811262845993042,-0.529417872428894,2.911869525909424,0.024922456592321396,16.5880126953125,3.51708984375,12.7372407913208,0.529417872428894,6,0.25,4,-0.008333325386047363,0.2916666865348816,-2.911869525909424,16.5880126953125,-3.51708984375,contact_qp_grid_contact_first,0.06,10,0.0,0,0.0,M8g,0,0.6,1.0,topk_sample,1,EPMDPNTYNGPEKVMMTITFPPND,3.4999297895410564e-06
11.483335494995117,0.46584028005599976,0.3471001982688904,15.213153839111328,-0.0416666679084301,0.1493905484676361,0.36349233984947205,-0.46584028005599976,-0.3471001982688904,15.213153839111328,0.010336111299693584,-0.1493905484676361,-0.36349233984947205,-0.5467343330383301,3.0819926261901855,0.010970099829137325,13.947257041931152,3.362393617630005,11.483335494995117,0.5467343330383301,7,0.25,4,-0.050000011920928955,0.25,-3.0819926261901855,13.947257041931152,-3.362393617630005,contact_qp_grid_contact_first,0.06,10,0.0,0,0.0,M8g,0,0.6,1.0,topk_sample,1,ETMNPGPYEGPNRPWVTITFPPPP,3.4999297895410564e-06
11.258103370666504,0.4854167103767395,0.39287269115448,14.25137710571289,-0.0833333358168602,0.16848313808441162,0.4432094693183899,-0.4854167103767395,-0.39287269115448,14.25137710571289,0.020544443279504776,-0.16848313808441162,-0.4432094693183899,-0.5712125301361084,2.936206817626953,0.024922456592321396,13.27905559539795,3.068359375,11.258103370666504,0.5712125301361084,0,0.0,0,-0.008333325386047363,0.2916666865348816,-2.936206817626953,13.27905559539795,-3.068359375,position_hardening_probability,0.02,8,0.2,0,0.42,M9a,1,0.0,1.0,argmax,1,APPNPGPHEFPDKPVVTITFPPLD,3.4999297895410564e-06
8.660022735595703,0.6015805006027222,0.47071710228919983,11.985319137573242,-0.027737285941839218,0.24954912066459656,0.5808347463607788,-0.6015805006027222,-0.47071710228919983,11.985319137573242,0.007697830908000469,-0.24954912066459656,-0.5808347463607788,-0.6799666881561279,2.5158653259277344,0.077752985060215,12.17611312866211,3.0849835872650146,8.660022735595703,0.6799666881561279,0,0.0,0,0.07074883580207825,0.3707488477230072,-2.5158653259277344,12.17611312866211,-3.0849835872650146,position_hardening_probability,0.02,8,0.2,0,0.42,M9a,1,0.0,1.0,soft,1,APPNPGPHEFPDKPVVTITFPPLD,1.3466061353683472
10.405454635620117,0.5072574615478516,0.42828792333602905,13.342720031738281,-0.0416666679084301,0.1853976547718048,0.47312289476394653,-0.5072574615478516,-0.42828792333602905,13.342720031738281,0.010336111299693584,-0.1853976547718048,-0.47312289476394653,-0.6061159372329712,2.8773961067199707,0.024922456592321396,12.580408096313477,3.2093396186828613,10.405454635620117,0.6061159372329712,0,0.25,4,-0.008333325386047363,0.2916666865348816,-2.8773961067199707,12.580408096313477,-3.2093396186828613,position_hardening_probability,0.02,8,0.2,0,0.42,M9a,1,0.0,1.0,topk_sample,1,ANGNPSPHEFPDRPVVTFTFPPLP,3.4999297895410564e-06
11.140998840332031,0.509588360786438,0.4213244915008545,14.191755294799805,-0.0833333358168602,0.1967710554599762,0.4848806858062744,-0.509588360786438,-0.4213244915008545,14.191755294799805,0.020544443279504776,-0.1967710554599762,-0.4848806858062744,-0.6018741130828857,2.8492302894592285,0.024922456592321396,13.242472648620605,3.106356620788574,11.140998840332031,0.6018741130828857,1,0.25,4,-0.008333325386047363,0.2916666865348816,-2.8492302894592285,13.242472648620605,-3.106356620788574,position_hardening_probability,0.02,8,0.2,0,0.42,M9a,1,0.0,1.0,topk_sample,1,APPNPSPHEFPDKPVMTITFPPAD,3.4999297895410564e-06
10.883834838867188,0.4850490689277649,0.39417552947998047,13.922039031982422,0.0,0.1639232337474823,0.44520026445388794,-0.4850490689277649,-0.39417552947998047,13.922039031982422,0.003599999938160181,-0.1639232337474823,-0.44520026445388794,-0.5867667198181152,2.94050669670105,0.024922456592321396,12.93825912475586,3.05029296875,10.883834838867188,0.5867667198181152,2,0.25,4,-0.008333325386047363,0.2916666865348816,-2.94050669670105,12.93825912475586,-3.05029296875,position_hardening_probability,0.02,8,0.2,0,0.42,M9a,1,0.0,1.0,topk_sample,1,APGNPGPHEFPNRPVMTITLPPAP,3.4999297895410564e-06
10.853214263916016,0.5228602290153503,0.45068687200546265,13.400883674621582,-0.0416666679084301,0.1963663399219513,0.49296852946281433,-0.5228602290153503,-0.45068687200546265,13.400883674621582,0.010336111299693584,-0.1963663399219513,-0.49296852946281433,-0.6173959374427795,2.827944278717041,0.004378471523523331,12.152281761169434,3.2639827728271484,10.853214263916016,0.6173959374427795,3,0.25,4,-0.09166666865348816,0.2083333432674408,-2.827944278717041,12.152281761169434,-3.2639827728271484,position_hardening_probability,0.02,8,0.2,0,0.42,M9a,1,0.0,1.0,topk_sample,1,RPPNPGPHEFPNKPVVTFTFPPED,3.4999297895410564e-06
9.960295677185059,0.5258704423904419,0.46097737550735474,12.752630233764648,-0.0833333358168602,0.20517435669898987,0.4897046983242035,-0.5258704423904419,-0.46097737550735474,12.752630233764648,0.020544443279504776,-0.20517435669898987,-0.4897046983242035,-0.5994921922683716,2.905998945236206,0.04879586026072502,12.038593292236328,2.9454457759857178,9.960295677185059,0.5994921922683716,4,0.25,4,0.03333333134651184,0.3333333432674408,-2.905998945236206,12.038593292236328,-2.9454457759857178,position_hardening_probability,0.02,8,0.2,0,0.42,M9a,1,0.0,1.0,topk_sample,1,APGNPGPCEFPDRPVITITFLPYD,3.4999297895410564e-06
10.427322387695312,0.5145264267921448,0.47525477409362793,12.802353858947754,-0.125,0.20944935083389282,0.48951131105422974,-0.5145264267921448,-0.47525477409362793,12.802353858947754,0.03422500193119049,-0.20944935083389282,-0.48951131105422974,-0.6163102388381958,2.8491177558898926,0.010970099829137325,11.546521186828613,3.2608754634857178,10.427322387695312,0.6163102388381958,5,0.25,4,-0.050000011920928955,0.25,-2.8491177558898926,11.546521186828613,-3.2608754634857178,position_hardening_probability,0.02,8,0.2,0,0.42,M9a,1,0.0,1.0,topk_sample,1,ENPNPGPHEFPDRPVVTFTFPPLD,3.4999297895410564e-06
11.671774864196777,0.4624883830547333,0.3058394193649292,15.87115478515625,-0.0416666679084301,0.21042534708976746,0.42878076434135437,-0.4624883830547333,-0.3058394193649292,15.87115478515625,0.010336111299693584,-0.21042534708976746,-0.42878076434135437,-0.5531823039054871,2.8327252864837646,0.024922456592321396,14.99377155303955,3.296431303024292,11.671774864196777,0.5531823039054871,6,0.25,4,-0.008333325386047363,0.2916666865348816,-2.8327252864837646,14.99377155303955,-3.296431303024292,position_hardening_probability,0.02,8,0.2,0,0.42,M9a,1,0.0,1.0,topk_sample,1,ANPNPSPHEFPNRPVMTITFPPYD,3.4999297895410564e-06
10.161166191101074,0.523134708404541,0.4427219033241272,13.061432838439941,-0.0416666679084301,0.19870904088020325,0.491470605134964,-0.523134708404541,-0.4427219033241272,13.061432838439941,0.010336111299693584,-0.19870904088020325,-0.491470605134964,-0.6143046617507935,2.8312854766845703,0.08137406408786774,12.09625244140625,2.9367454051971436,10.161166191101074,0.6143046617507935,7,0.25,4,0.07499998807907104,0.375,-2.8312854766845703,12.09625244140625,-2.9367454051971436,position_hardening_probability,0.02,8,0.2,0,0.42,M9a,1,0.0,1.0,topk_sample,1,APPNPGPYDFPGKPVVTFTFLPAE,3.4999297895410564e-06
10.172972679138184,0.5326242446899414,0.4577597677707672,12.991742134094238,-0.0833333358168602,0.2065604031085968,0.5034512877464294,-0.5326242446899414,-0.4577597677707672,12.991742134094238,0.020544443279504776,-0.2065604031085968,-0.5034512877464294,-0.6124181151390076,2.770292043685913,0.08137406408786774,11.914281845092773,3.1749379634857178,10.172972679138184,0.6124181151390076,0,0.0,0,0.07499998807907104,0.375,-2.770292043685913,11.914281845092773,-3.1749379634857178,position_hardening_consensus,0.02,8,0.2,8,0.75,M9b,1,0.0,1.0,argmax,1,AFMNPTPHDFENKPVITITFPPLD,3.4999297895410564e-06
7.8003363609313965,0.5693648457527161,0.4020216464996338,11.758517265319824,-0.044941507279872894,0.19101831316947937,0.5329346656799316,-0.5693648457527161,-0.4020216464996338,11.758517265319824,0.011012719012796879,-0.19101831316947937,-0.5329346656799316,-0.6468945741653442,2.5273470878601074,0.12019313871860504,13.197319984436035,3.2387497425079346,7.8003363609313965,0.6468945741653442,0,0.0,0,0.11779743432998657,0.4177974462509155,-2.5273470878601074,13.197319984436035,-3.2387497425079346,position_hardening_consensus,0.02,8,0.2,8,0.75,M9b,1,0.0,1.0,soft,1,AFMNPTPHDFENKPVITITFPPLD,1.3970184326171875
8.505926132202148,0.5610527396202087,0.4664580225944519,11.469623565673828,-0.0416666679084301,0.21426919102668762,0.5395704507827759,-0.5610527396202087,-0.4664580225944519,11.469623565673828,0.010336111299693584,-0.21426919102668762,-0.5395704507827759,-0.6328155994415283,2.740570068359375,0.08137406408786774,11.499594688415527,3.1803977489471436,8.505926132202148,0.6328155994415283,0,0.25,4,0.07499998807907104,0.375,-2.740570068359375,11.499594688415527,-3.1803977489471436,position_hardening_consensus,0.02,8,0.2,8,0.75,M9b,1,0.0,1.0,topk_sample,1,AFCNPVPHDFENKPVITFTFPPLP,3.4999297895410564e-06
10.560779571533203,0.49199333786964417,0.4158065915107727,13.76932144165039,0.0,0.18341155350208282,0.45140108466148376,-0.49199333786964417,-0.4158065915107727,13.76932144165039,0.003599999938160181,-0.18341155350208282,-0.45140108466148376,-0.5809924006462097,2.9486002922058105,0.15925517678260803,13.494342803955078,3.135697841644287,10.560779571533203,0.5809924006462097,1,0.25,4,0.15833333134651184,0.4583333432674408,-2.9486002922058105,13.494342803955078,-3.135697841644287,position_hardening_consensus,0.02,8,0.2,8,0.75,M9b,1,0.0,1.0,topk_sample,1,AFMNPVPYNFENKPVITITFPPAQ,3.4999297895410564e-06
10.377062797546387,0.5267791152000427,0.452272891998291,13.294402122497559,-0.0833333358168602,0.20504003763198853,0.4909553527832031,-0.5267791152000427,-0.452272891998291,13.294402122497559,0.020544443279504776,-0.20504003763198853,-0.4909553527832031,-0.6078290939331055,2.807870864868164,0.08137406408786774,12.455491065979004,3.0075905323028564,10.377062797546387,0.6078290939331055,2,0.25,4,0.07499998807907104,0.375,-2.807870864868164,12.455491065979004,-3.0075905323028564,position_hardening_consensus,0.02,8,0.2,8,0.75,M9b,1,0.0,1.0,topk_sample,1,AFMNPTPHDFEDRPVITITIPPAP,3.4999297895410564e-06
9.525944709777832,0.5332657098770142,0.43826937675476074,12.52672290802002,-0.0833333358168602,0.19856464862823486,0.5069892406463623,-0.5332657098770142,-0.43826937675476074,12.52672290802002,0.020544443279504776,-0.19856464862823486,-0.5069892406463623,-0.6158596277236938,2.7994203567504883,0.08137406408786774,12.142094612121582,3.331498622894287,9.525944709777832,0.6158596277236938,3,0.25,4,0.07499998807907104,0.375,-2.7994203567504883,12.142094612121582,-3.331498622894287,position_hardening_consensus,0.02,8,0.2,8,0.75,M9b,1,0.0,1.0,topk_sample,1,WFMNYTPHDFENKPVIHITFPPPD,3.4999297895410564e-06
9.50285530090332,0.4481287896633148,0.272106409072876,13.926661491394043,-0.0416666679084301,0.18351313471794128,0.3557964563369751,-0.4481287896633148,-0.272106409072876,13.926661491394043,0.010336111299693584,-0.18351313471794128,-0.3557964563369751,-0.5313942432403564,2.9349803924560547,0.15925517678260803,15.025299072265625,3.0685813426971436,9.50285530090332,0.5313942432403564,4,0.25,4,0.15833333134651184,0.4583333432674408,-2.9349803924560547,15.025299072265625,-3.0685813426971436,position_hardening_consensus,0.02,8,0.2,8,0.75,M9b,1,0.0,1.0,topk_sample,1,AFCFPVPFDFENRPVVTITFPPLP,3.4999297895410564e-06
10.36642074584961,0.5112826824188232,0.4356847107410431,13.272115707397461,-0.0416666679084301,0.19552142918109894,0.4802905023097992,-0.5112826824188232,-0.4356847107410431,13.272115707397461,0.010336111299693584,-0.19552142918109894,-0.4802905023097992,-0.6008144617080688,2.791395664215088,0.08137406408786774,12.486936569213867,3.261807680130005,10.36642074584961,0.6008144617080688,5,0.25,4,0.07499998807907104,0.375,-2.791395664215088,12.486936569213867,-3.261807680130005,position_hardening_consensus,0.02,8,0.2,8,0.75,M9b,1,0.0,1.0,topk_sample,1,MYMNPTPHNFENRPVITFTFPPLD,3.4999297895410564e-06
9.515018463134766,0.510244607925415,0.3989998996257782,12.833887100219727,-0.0416666679084301,0.17447060346603394,0.48345747590065,-0.510244607925415,-0.3989998996257782,12.833887100219727,0.010336111299693584,-0.17447060346603394,-0.48345747590065,-0.6055681705474854,2.818528890609741,0.11912637948989868,12.638671875,3.193892240524292,9.515018463134766,0.6055681705474854,6,0.25,4,0.11666667461395264,0.4166666865348816,-2.818528890609741,12.638671875,-3.193892240524292,position_hardening_consensus,0.02,8,0.2,8,0.75,M9b,1,0.0,1.0,topk_sample,1,MYMNPVPYNFEDRPVMHITFPPKD,3.4999297895410564e-06
7.166134357452393,0.6518920063972473,0.4766368865966797,9.938054084777832,-0.0416666679084301,0.21497845649719238,0.6200659275054932,-0.6518920063972473,-0.4766368865966797,9.938054084777832,0.010336111299693584,-0.21497845649719238,-0.6200659275054932,-0.7160000205039978,2.602578639984131,0.15925517678260803,10.830594062805176,3.4046521186828613,7.166134357452393,0.7160000205039978,7,0.25,4,0.15833333134651184,0.4583333432674408,-2.602578639984131,10.830594062805176,-3.4046521186828613,position_hardening_consensus,0.02,8,0.2,8,0.75,M9b,1,0.0,1.0,topk_sample,1,AFMNYTPYNFENKPVIHFTFPPAE,3.4999297895410564e-06
12.235868453979492,0.2985388934612274,0.061894457787275314,19.3380069732666,0.0,0.0,0.08039119839668274,-0.2985388934612274,-0.061894457787275314,19.3380069732666,0.003599999938160181,-0.0,-0.08039119839668274,-0.4107230603694916,3.864633321762085,0.010970099829137325,17.882986068725586,3.369140625,12.235868453979492,0.4107230603694916,0,0.0,0,-0.050000011920928955,0.25,-3.864633321762085,17.882986068725586,-3.369140625,position_hardening_margin_lowsensitivity,0.02,8,0.2,0,0.12,M9c,1,0.0,1.0,argmax,1,MTMNPNPCNFGNWPGPTITFPPPP,3.4999297895410564e-06
10.876285552978516,0.39854133129119873,0.19267785549163818,15.849419593811035,-0.00864520575851202,0.16948553919792175,0.22228865325450897,-0.39854133129119873,-0.19267785549163818,15.849419593811035,0.004712163936346769,-0.16948553919792175,-0.22228865325450897,-0.4846278429031372,3.2463550567626953,0.028145750984549522,15.845036506652832,3.2756717205047607,10.876285552978516,0.4846278429031372,0,0.0,0,-0.0014839768409729004,0.29851603507995605,-3.2463550567626953,15.845036506652832,-3.2756717205047607,position_hardening_margin_lowsensitivity,0.02,8,0.2,0,0.12,M9c,1,0.0,1.0,soft,1,MTMNPNPCNFGNWPGPTITFPPPP,1.3371843099594116
12.177888870239258,0.30704912543296814,0.0662919282913208,19.1424503326416,-0.0416666679084301,0.0,0.09396161139011383,-0.30704912543296814,-0.0662919282913208,19.1424503326416,0.010336111299693584,-0.0,-0.09396161139011383,-0.4201187491416931,3.7909865379333496,0.010970099829137325,17.00547218322754,3.3050427436828613,12.177888870239258,0.4201187491416931,0,0.25,4,-0.050000011920928955,0.25,-3.7909865379333496,17.00547218322754,-3.3050427436828613,position_hardening_margin_lowsensitivity,0.02,8,0.2,0,0.12,M9c,1,0.0,1.0,topk_sample,1,MTHSPGPCNFGNWPWPTITFPPPD,3.4999297895410564e-06
11.74410629272461,0.375008761882782,0.1872628927230835,16.256465911865234,-0.0416666679084301,0.1663220226764679,0.1989324688911438,-0.375008761882782,-0.1872628927230835,16.256465911865234,0.010336111299693584,-0.1663220226764679,-0.1989324688911438,-0.4696122109889984,3.4959592819213867,0.024922456592321396,15.60389518737793,3.5006659030914307,11.74410629272461,0.4696122109889984,1,0.25,4,-0.008333325386047363,0.2916666865348816,-3.4959592819213867,15.60389518737793,-3.5006659030914307,position_hardening_margin_lowsensitivity,0.02,8,0.2,0,0.12,M9c,1,0.0,1.0,topk_sample,1,MTMNPGTCNFGNWPAPTITFPPNE,3.4999297895410564e-06
13.783047676086426,0.26220861077308655,0.06433779001235962,19.3207950592041,-0.0416666679084301,0.042425736784935,0.0874076634645462,-0.26220861077308655,-0.06433779001235962,19.3207950592041,0.010336111299693584,-0.042425736784935,-0.0874076634645462,-0.40925097465515137,3.82545804977417,0.004378471523523331,18.154272079467773,3.316939115524292,13.783047676086426,0.40925097465515137,2,0.25,4,-0.09166666865348816,0.2083333432674408,-3.82545804977417,18.154272079467773,-3.316939115524292,position_hardening_margin_lowsensitivity,0.02,8,0.2,0,0.12,M9c,1,0.0,1.0,topk_sample,1,MTHNPGPCNFGNFPGPTINFPPNE,3.4999297895410564e-06
11.496265411376953,0.33464765548706055,0.09324052929878235,17.44197654724121,0.0416666679084301,0.0341988131403923,0.11742888391017914,-0.33464765548706055,-0.09324052929878235,17.44197654724121,0.0003361110284458846,-0.0341988131403923,-0.11742888391017914,-0.4392438530921936,3.687971830368042,0.010970099829137325,15.917141914367676,3.1959784030914307,11.496265411376953,0.4392438530921936,3,0.25,4,-0.050000011920928955,0.25,-3.687971830368042,15.917141914367676,-3.1959784030914307,position_hardening_margin_lowsensitivity,0.02,8,0.2,0,0.12,M9c,1,0.0,1.0,topk_sample,1,RTMNPSPCNFGNWPGPTITFPPLP,3.4999297895410564e-06
13.351675987243652,0.3348920941352844,0.11221709847450256,19.235761642456055,-0.0833333358168602,0.16123732924461365,0.14415955543518066,-0.3348920941352844,-0.11221709847450256,19.235761642456055,0.020544443279504776,-0.16123732924461365,-0.14415955543518066,-0.43342193961143494,3.7339515686035156,0.004378471523523331,18.677745819091797,3.2302467823028564,13.351675987243652,0.43342193961143494,4,0.25,4,-0.09166666865348816,0.2083333432674408,-3.7339515686035156,18.677745819091797,-3.2302467823028564,position_hardening_margin_lowsensitivity,0.02,8,0.2,0,0.12,M9c,1,0.0,1.0,topk_sample,1,MTHSPGPHNFGNFPEPTITFPPPD,3.4999297895410564e-06
13.853845596313477,0.2592206597328186,0.05641397833824158,20.02218246459961,-0.0416666679084301,0.0,0.07002463936805725,-0.2592206597328186,-0.05641397833824158,20.02218246459961,0.010336111299693584,-0.0,-0.07002463936805725,-0.4006741940975189,3.918043613433838,0.004378471523523331,18.45252799987793,3.40625,13.853845596313477,0.4006741940975189,5,0.25,4,-0.09166666865348816,0.2083333432674408,-3.918043613433838,18.45252799987793,-3.40625,position_hardening_margin_lowsensitivity,0.02,8,0.2,0,0.12,M9c,1,0.0,1.0,topk_sample,1,ETMNPNTCNFGNFPGPTITFPPPP,3.4999297895410564e-06
12.506726264953613,0.331760972738266,0.11448021233081818,18.336584091186523,-0.0833333358168602,0.0,0.11448021233081818,-0.331760972738266,-0.11448021233081818,18.336584091186523,0.020544443279504776,-0.0,-0.11448021233081818,-0.43057724833488464,3.7246997356414795,0.010970099829137325,17.142473220825195,3.293057680130005,12.506726264953613,0.43057724833488464,6,0.25,4,-0.050000011920928955,0.25,-3.7246997356414795,17.142473220825195,-3.293057680130005,position_hardening_margin_lowsensitivity,0.02,8,0.2,0,0.12,M9c,1,0.0,1.0,topk_sample,1,ETMNPQTCNFGNFPEPTITFPPLP,3.4999297895410564e-06
12.799969673156738,0.3147158622741699,0.09162319451570511,18.83400535583496,-0.0416666679084301,0.0,0.09934994578361511,-0.3147158622741699,-0.09162319451570511,18.83400535583496,0.010336111299693584,-0.0,-0.09934994578361511,-0.43098506331443787,3.8106727600097656,0.024922456592321396,17.634328842163086,3.274991273880005,12.799969673156738,0.43098506331443787,7,0.25,4,-0.008333325386047363,0.2916666865348816,-3.8106727600097656,17.634328842163086,-3.274991273880005,position_hardening_margin_lowsensitivity,0.02,8,0.2,0,0.12,M9c,1,0.0,1.0,topk_sample,1,MTMNPSPFEFGNWPEPTIRFPPNP,3.4999297895410564e-06
