candidate_bb_pae,candidate_binder_ptm,candidate_bt_iptm,candidate_bt_pae,candidate_charge_target_charge_per_residue,candidate_ipsae_min,candidate_iptm,candidate_loss_binder_ptm,candidate_loss_binder_target_iptm,candidate_loss_binder_target_pae,candidate_loss_charge_target,candidate_loss_ipsae_min,candidate_loss_iptm,candidate_loss_plddt,candidate_loss_protenix_contact,candidate_loss_solubility_limit,candidate_loss_target_binder_pae,candidate_loss_trigram_naturalness,candidate_loss_within_binder_pae,candidate_plddt,candidate_sample_index,candidate_sample_temperature,candidate_sample_top_k,candidate_solubility_limit_hydrophobic_excess,candidate_solubility_limit_hydrophobic_mean,candidate_target_contact,candidate_tb_pae,candidate_trigram_naturalness_trigram_ll,method,method_aux_slack,method_cone_denominator,method_id,method_max_aux_harms,method_min_primary_descent_ratio,method_terminal_anneal_final_temperature,score_mode,seed,sequence,sequence_entropy
12.67293930053711,0.27318787574768066,0.07329155504703522,19.14954376220703,0.2083333432674408,0.08609089255332947,0.10074657201766968,-0.27318787574768066,-0.07329155504703522,19.14954376220703,0.022002780809998512,-0.08609089255332947,-0.10074657201766968,-0.3936630189418793,3.484204053878784,0.04879586026072502,16.986459732055664,3.3971502780914307,12.67293930053711,0.3936630189418793,0,0.0,0,0.03333333134651184,0.3333333432674408,-3.484204053878784,16.986459732055664,-3.3971502780914307,naive_weighted,0.02,8,M3,1,0.0,1.0,argmax,0,RFWFPPTYKVNGKNCNFNTRPFWK,3.4999297895410564e-06
9.000149726867676,0.47469228506088257,0.26228851079940796,13.09532356262207,0.03411201387643814,0.1986536979675293,0.40280553698539734,-0.47469228506088257,-0.26228851079940796,13.09532356262207,0.0006701877573505044,-0.1986536979675293,-0.40280553698539734,-0.5882062911987305,2.6327993869781494,0.04848221689462662,14.096939086914062,3.215482234954834,9.000149726867676,0.5882062911987305,0,0.0,0,0.032877981662750244,0.3328779935836792,-2.6327993869781494,14.096939086914062,-3.215482234954834,naive_weighted,0.02,8,M3,1,0.0,1.0,soft,0,RFWFPPTYKVNGKNCNFNTRPFWK,2.322660446166992
10.861924171447754,0.3948386013507843,0.3173203468322754,14.529388427734375,0.1666666716337204,0.18982067704200745,0.33400607109069824,-0.3948386013507843,-0.3173203468322754,14.529388427734375,0.01137777790427208,-0.18982067704200745,-0.33400607109069824,-0.4903409481048584,3.2101666927337646,0.04879586026072502,13.121930122375488,3.3820579051971436,10.861924171447754,0.4903409481048584,0,0.25,4,0.03333333134651184,0.3333333432674408,-3.2101666927337646,13.121930122375488,-3.3820579051971436,naive_weighted,0.02,8,M3,1,0.0,1.0,topk_sample,0,RIWIPNEYKVNSKNCNFNTRPFWK,3.4999297895410564e-06
12.19062614440918,0.292911171913147,0.08708701282739639,19.004789352416992,0.0416666679084301,0.11423803120851517,0.1072835847735405,-0.292911171913147,-0.08708701282739639,19.004789352416992,0.0003361110284458846,-0.11423803120851517,-0.1072835847735405,-0.3964439332485199,3.6272878646850586,0.04879586026072502,16.73146629333496,3.2614967823028564,12.19062614440918,0.3964439332485199,1,0.25,4,0.03333333134651184,0.3333333432674408,-3.6272878646850586,16.73146629333496,-3.2614967823028564,naive_weighted,0.02,8,M3,1,0.0,1.0,topk_sample,0,RVHIPDTYKVNGDNGNFITRPFWP,3.4999297895410564e-06
10.4003267288208,0.35726985335350037,0.16070550680160522,16.55873680114746,-0.0833333358168602,0.26219019293785095,0.19571730494499207,-0.35726985335350037,-0.16070550680160522,16.55873680114746,0.020544443279504776,-0.26219019293785095,-0.19571730494499207,-0.4639902710914612,3.049873113632202,0.04879586026072502,15.393210411071777,3.4580078125,10.4003267288208,0.4639902710914612,2,0.25,4,0.03333333134651184,0.3333333432674408,-3.049873113632202,15.393210411071777,-3.4580078125,naive_weighted,0.02,8,M3,1,0.0,1.0,topk_sample,0,RVWFPDNYEVNGKDGQFNTYPFPD,3.4999297895410564e-06
11.571521759033203,0.3038559854030609,0.07318238914012909,18.331478118896484,0.0,0.0,0.09014459699392319,-0.3038559854030609,-0.07318238914012909,18.331478118896484,0.003599999938160181,-0.0,-0.09014459699392319,-0.4025992155075073,3.4617137908935547,0.024922456592321396,17.89742088317871,3.199618339538574,11.571521759033203,0.4025992155075073,3,0.25,4,-0.008333325386047363,0.2916666865348816,-3.4617137908935547,17.89742088317871,-3.199618339538574,naive_weighted,0.02,8,M3,1,0.0,1.0,topk_sample,0,RFHFPDTYKVNSPNCQFNTYPFPD,3.4999297895410564e-06
13.79318904876709,0.2552008628845215,0.07069221138954163,18.770288467407227,0.25,0.0,0.09296302497386932,-0.2552008628845215,-0.07069221138954163,18.770288467407227,0.03610000014305115,-0.0,-0.09296302497386932,-0.39481091499328613,3.6120097637176514,0.024922456592321396,16.8957462310791,3.192826747894287,13.79318904876709,0.39481091499328613,4,0.25,4,-0.008333325386047363,0.2916666865348816,-3.6120097637176514,16.8957462310791,-3.192826747894287,naive_weighted,0.02,8,M3,1,0.0,1.0,topk_sample,0,RMWFRNTYKVNSKNCNCITRPFPK,3.4999297895410564e-06
9.175947189331055,0.4139980971813202,0.23481105268001556,14.701565742492676,0.0416666679084301,0.15791726112365723,0.3335649371147156,-0.4139980971813202,-0.23481105268001556,14.701565742492676,0.0003361110284458846,-0.15791726112365723,-0.3335649371147156,-0.5184832811355591,3.110598087310791,0.010970099829137325,13.931160926818848,3.228560209274292,9.175947189331055,0.5184832811355591,5,0.25,4,-0.050000011920928955,0.25,-3.110598087310791,13.931160926818848,-3.228560209274292,naive_weighted,0.02,8,M3,1,0.0,1.0,topk_sample,0,RIHIPDTGKVNGPNGEFNTRSFWP,3.4999297895410564e-06
11.384825706481934,0.31983357667922974,0.1494879126548767,17.070383071899414,0.0,0.22559982538223267,0.20627571642398834,-0.31983357667922974,-0.1494879126548767,17.070383071899414,0.003599999938160181,-0.22559982538223267,-0.20627571642398834,-0.42803412675857544,3.2282166481018066,0.11912637948989868,15.993818283081055,3.7840023040771484,11.384825706481934,0.42803412675857544,6,0.25,4,0.11666667461395264,0.4166666865348816,-3.2282166481018066,15.993818283081055,-3.7840023040771484,naive_weighted,0.02,8,M3,1,0.0,1.0,topk_sample,0,RIWFPNNYEVNGPDCQFITYPLWK,3.4999297895410564e-06
10.938192367553711,0.3754933774471283,0.18699219822883606,16.363380432128906,0.0416666679084301,0.17981985211372375,0.23931381106376648,-0.3754933774471283,-0.18699219822883606,16.363380432128906,0.0003361110284458846,-0.17981985211372375,-0.23931381106376648,-0.46916383504867554,2.8221707344055176,0.04879586026072502,15.462565422058105,3.6898083686828613,10.938192367553711,0.46916383504867554,7,0.25,4,0.03333333134651184,0.3333333432674408,-2.8221707344055176,15.462565422058105,-3.6898083686828613,naive_weighted,0.02,8,M3,1,0.0,1.0,topk_sample,0,RIWFPRNYEPNSPEGQFITFCFGK,3.4999297895410564e-06
9.22046947479248,0.5097731947898865,0.4316900670528412,12.222249984741211,0.125,0.20025426149368286,0.4935017228126526,-0.5097731947898865,-0.4316900670528412,12.222249984741211,0.004224999807775021,-0.20025426149368286,-0.4935017228126526,-0.6056865453720093,2.7824535369873047,0.15925517678260803,11.80560302734375,3.0358221530914307,9.22046947479248,0.6056865453720093,0,0.0,0,0.15833333134651184,0.4583333432674408,-2.7824535369873047,11.80560302734375,-3.0358221530914307,contact_preserving_soft_cone,0.08,10,M7c,1,0.6,1.0,argmax,0,RMRFRPEYKVDAKNCNFITFWFWP,3.4999297895410564e-06
9.131450653076172,0.5067422389984131,0.3232079744338989,12.662745475769043,0.06089015305042267,0.21378466486930847,0.46449047327041626,-0.5067422389984131,-0.3232079744338989,12.662745475769043,7.923748626126326e-07,-0.21378466486930847,-0.46449047327041626,-0.589085578918457,2.5515079498291016,0.04775313660502434,13.326048851013184,3.219632387161255,9.131450653076172,0.589085578918457,0,0.0,0,0.03181344270706177,0.3318134546279907,-2.5515079498291016,13.326048851013184,-3.219632387161255,contact_preserving_soft_cone,0.08,10,M7c,1,0.6,1.0,soft,0,RMRFRPEYKVDAKNCNFITFWFWP,2.2883520126342773
8.207589149475098,0.567899763584137,0.4272828698158264,11.887429237365723,0.125,0.20417040586471558,0.548229992389679,-0.567899763584137,-0.4272828698158264,11.887429237365723,0.004224999807775021,-0.20417040586471558,-0.548229992389679,-0.6410257816314697,2.6564788818359375,0.11912637948989868,13.812246322631836,3.1085760593414307,8.207589149475098,0.6410257816314697,0,0.25,4,0.11666667461395264,0.4166666865348816,-2.6564788818359375,13.812246322631836,-3.1085760593414307,contact_preserving_soft_cone,0.08,10,M7c,1,0.6,1.0,topk_sample,0,RFHIRPPYKVDSKNCNFITFWFWP,3.4999297895410564e-06
9.826748847961426,0.36818140745162964,0.13460496068000793,15.503355026245117,0.0416666679084301,0.08814352005720139,0.14658132195472717,-0.36818140745162964,-0.13460496068000793,15.503355026245117,0.0003361110284458846,-0.08814352005720139,-0.14658132195472717,-0.4938681125640869,3.2181344032287598,0.20034149289131165,15.56045913696289,3.0925960540771484,9.826748847961426,0.4938681125640869,1,0.25,4,0.19999998807907104,0.5,-3.2181344032287598,15.56045913696289,-3.0925960540771484,contact_preserving_soft_cone,0.08,10,M7c,1,0.6,1.0,topk_sample,0,RIWVRAEYKVDARNCNFNTFWFWD,3.4999297895410564e-06
7.219822406768799,0.49380478262901306,0.22295190393924713,12.4933443069458,0.125,0.11155132204294205,0.2938719391822815,-0.49380478262901306,-0.22295190393924713,12.4933443069458,0.004224999807775021,-0.11155132204294205,-0.2938719391822815,-0.5677022337913513,3.166733503341675,0.08137406408786774,12.184728622436523,3.309126615524292,7.219822406768799,0.5677022337913513,2,0.25,4,0.07499998807907104,0.375,-3.166733503341675,12.184728622436523,-3.309126615524292,contact_preserving_soft_cone,0.08,10,M7c,1,0.6,1.0,topk_sample,0,RIHFRADYECNAKECKFITFRFPK,3.4999297895410564e-06
10.235931396484375,0.41847124695777893,0.25152158737182617,14.895743370056152,0.1666666716337204,0.18988037109375,0.29622557759284973,-0.41847124695777893,-0.25152158737182617,14.895743370056152,0.01137777790427208,-0.18988037109375,-0.29622557759284973,-0.49729371070861816,3.22074031829834,0.08137406408786774,14.54843521118164,3.4044744968414307,10.235931396484375,0.49729371070861816,3,0.25,4,0.07499998807907104,0.375,-3.22074031829834,14.54843521118164,-3.4044744968414307,contact_preserving_soft_cone,0.08,10,M7c,1,0.6,1.0,topk_sample,0,RMHFRPEYKVDGRNCKFITYWFPK,3.4999297895410564e-06
10.848437309265137,0.414588987827301,0.28823918104171753,15.164586067199707,0.125,0.1614001989364624,0.31602978706359863,-0.414588987827301,-0.28823918104171753,15.164586067199707,0.004224999807775021,-0.1614001989364624,-0.31602978706359863,-0.4989933669567108,3.0732455253601074,0.024922456592321396,14.295881271362305,3.0964577198028564,10.848437309265137,0.4989933669567108,4,0.25,4,-0.008333325386047363,0.2916666865348816,-3.0732455253601074,14.295881271362305,-3.0964577198028564,contact_preserving_soft_cone,0.08,10,M7c,1,0.6,1.0,topk_sample,0,RVRFPPEYKVDGKNCNFNTFRFPP,3.4999297895410564e-06
7.733274936676025,0.5546756982803345,0.415066659450531,11.156167030334473,0.0833333358168602,0.20362532138824463,0.522739589214325,-0.5546756982803345,-0.415066659450531,11.156167030334473,0.0005444445996545255,-0.20362532138824463,-0.522739589214325,-0.6180518865585327,2.630284309387207,0.15925517678260803,11.639914512634277,3.3830344676971436,7.733274936676025,0.6180518865585327,5,0.25,4,0.15833333134651184,0.4583333432674408,-2.630284309387207,11.639914512634277,-3.3830344676971436,contact_preserving_soft_cone,0.08,10,M7c,1,0.6,1.0,topk_sample,0,RFWVRPNHKVDARNCTFITFFFWD,3.4999297895410564e-06
13.237707138061523,0.27354347705841064,0.0652991533279419,19.0224609375,0.125,0.0,0.0875384733080864,-0.27354347705841064,-0.0652991533279419,19.0224609375,0.004224999807775021,-0.0,-0.0875384733080864,-0.3821549415588379,3.72861647605896,0.11912637948989868,17.442134857177734,3.3935546875,13.237707138061523,0.3821549415588379,6,0.25,4,0.11666667461395264,0.4166666865348816,-3.72861647605896,17.442134857177734,-3.3935546875,contact_preserving_soft_cone,0.08,10,M7c,1,0.6,1.0,topk_sample,0,RFRFRPDYEVRARECKFNTFWLWP,3.4999297895410564e-06
9.544760704040527,0.3949432969093323,0.14537468552589417,16.01346778869629,0.1666666716337204,0.07688826322555542,0.1510429084300995,-0.3949432969093323,-0.14537468552589417,16.01346778869629,0.01137777790427208,-0.07688826322555542,-0.1510429084300995,-0.45857128500938416,3.528095006942749,0.04879586026072502,16.2886905670166,3.0496160984039307,9.544760704040527,0.45857128500938416,7,0.25,4,0.03333333134651184,0.3333333432674408,-3.528095006942749,16.2886905670166,-3.0496160984039307,contact_preserving_soft_cone,0.08,10,M7c,1,0.6,1.0,topk_sample,0,RFRVRADYEPDGRGGKFITKRFWP,3.4999297895410564e-06
8.730938911437988,0.4539138078689575,0.29624831676483154,12.688314437866211,0.125,0.16797508299350739,0.36272311210632324,-0.4539138078689575,-0.29624831676483154,12.688314437866211,0.004224999807775021,-0.16797508299350739,-0.36272311210632324,-0.558017373085022,2.7528626918792725,0.20034149289131165,13.095808029174805,3.058682680130005,8.730938911437988,0.558017373085022,0,0.0,0,0.19999998807907104,0.5,-2.7528626918792725,13.095808029174805,-3.058682680130005,contact_qp_grid,0.08,10,M8a,0,0.6,1.0,argmax,0,RMWFRPEYKVNAKNCNFITFWFWP,3.4999297895410564e-06
8.344551086425781,0.5312581062316895,0.41232433915138245,11.39395523071289,0.06257079541683197,0.209898442029953,0.5108638405799866,-0.5312581062316895,-0.41232433915138245,11.39395523071289,6.608996045542881e-06,-0.209898442029953,-0.5108638405799866,-0.6432093381881714,2.495403528213501,0.08798100799322128,12.01225757598877,3.3279104232788086,8.344551086425781,0.6432093381881714,0,0.0,0,0.08260482549667358,0.38260483741760254,-2.495403528213501,12.01225757598877,-3.3279104232788086,contact_qp_grid,0.08,10,M8a,0,0.6,1.0,soft,0,RMWFRPEYKVNAKNCNFITFWFWP,2.314300537109375
7.676779747009277,0.536738395690918,0.42027366161346436,10.828147888183594,0.125,0.1893181949853897,0.5203996300697327,-0.536738395690918,-0.42027366161346436,10.828147888183594,0.004224999807775021,-0.1893181949853897,-0.5203996300697327,-0.6154809594154358,2.7722280025482178,0.11912637948989868,11.12664794921875,3.1865234375,7.676779747009277,0.6154809594154358,0,0.25,4,0.11666667461395264,0.4166666865348816,-2.7722280025482178,11.12664794921875,-3.1865234375,contact_qp_grid,0.08,10,M8a,0,0.6,1.0,topk_sample,0,RFHIRPDYKVNCKNCNFITFWFWP,3.4999297895410564e-06
8.186945915222168,0.4415539503097534,0.25101321935653687,12.129518508911133,0.125,0.12857547402381897,0.26767516136169434,-0.4415539503097534,-0.25101321935653687,12.129518508911133,0.004224999807775021,-0.12857547402381897,-0.26767516136169434,-0.5656862258911133,2.7103066444396973,0.15925517678260803,13.151398658752441,3.1389827728271484,8.186945915222168,0.5656862258911133,1,0.25,4,0.15833333134651184,0.4583333432674408,-2.7103066444396973,13.151398658752441,-3.1389827728271484,contact_qp_grid,0.08,10,M8a,0,0.6,1.0,topk_sample,0,RVRWRAEYKVNARNCNFNTFWFWD,3.4999297895410564e-06
8.437423706054688,0.5238058567047119,0.4408416450023651,11.813993453979492,0.25,0.21839535236358643,0.5116761922836304,-0.5238058567047119,-0.4408416450023651,11.813993453979492,0.03610000014305115,-0.21839535236358643,-0.5116761922836304,-0.6027862429618835,2.7750661373138428,0.08137406408786774,12.211848258972168,3.3747336864471436,8.437423706054688,0.6027862429618835,2,0.25,4,0.07499998807907104,0.375,-2.7750661373138428,12.211848258972168,-3.3747336864471436,contact_qp_grid,0.08,10,M8a,0,0.6,1.0,topk_sample,0,RVHFRAPYECRAKRCKFITFRFPT,3.4999297895410564e-06
10.563115119934082,0.3967948257923126,0.21662938594818115,15.241888999938965,0.2083333432674408,0.18210150301456451,0.2636900246143341,-0.3967948257923126,-0.21662938594818115,15.241888999938965,0.022002780809998512,-0.18210150301456451,-0.2636900246143341,-0.4868682324886322,3.1845786571502686,0.08137406408786774,14.829113960266113,3.46533203125,10.563115119934082,0.4868682324886322,3,0.25,4,0.07499998807907104,0.375,-3.1845786571502686,14.829113960266113,-3.46533203125,contact_qp_grid,0.08,10,M8a,0,0.6,1.0,topk_sample,0,RMRFRPEYKVNGRNCKFITYWFPT,3.4999297895410564e-06
11.36545467376709,0.32928988337516785,0.1265280842781067,16.84195327758789,0.125,0.20181706547737122,0.16111725568771362,-0.32928988337516785,-0.1265280842781067,16.84195327758789,0.004224999807775021,-0.20181706547737122,-0.16111725568771362,-0.4332171678543091,3.1343045234680176,0.08137406408786774,16.13817596435547,3.466841459274292,11.36545467376709,0.4332171678543091,4,0.25,4,0.07499998807907104,0.375,-3.1343045234680176,16.13817596435547,-3.466841459274292,contact_qp_grid,0.08,10,M8a,0,0.6,1.0,topk_sample,0,RIWFPPEYKVNGKNCNFNTFRFWP,3.4999297895410564e-06
9.600916862487793,0.44263386726379395,0.27365148067474365,13.817449569702148,0.1666666716337204,0.1376112699508667,0.35339197516441345,-0.44263386726379395,-0.27365148067474365,13.817449569702148,0.01137777790427208,-0.1376112699508667,-0.35339197516441345,-0.5300767421722412,3.0276284217834473,0.11912637948989868,13.972115516662598,3.3782405853271484,9.600916862487793,0.5300767421722412,5,0.25,4,0.11666667461395264,0.4166666865348816,-3.0276284217834473,13.972115516662598,-3.3782405853271484,contact_qp_grid,0.08,10,M8a,0,0.6,1.0,topk_sample,0,RFRWRPNSKVNARNCHFITFFFWD,3.4999297895410564e-06
11.497650146484375,0.31647247076034546,0.09231023490428925,17.846960067749023,0.125,0.10085968673229218,0.10607028007507324,-0.31647247076034546,-0.09231023490428925,17.846960067749023,0.004224999807775021,-0.10085968673229218,-0.10607028007507324,-0.4139551818370819,3.5880041122436523,0.15925517678260803,17.654132843017578,3.547274589538574,11.497650146484375,0.4139551818370819,6,0.25,4,0.15833333134651184,0.4583333432674408,-3.5880041122436523,17.654132843017578,-3.547274589538574,contact_qp_grid,0.08,10,M8a,0,0.6,1.0,topk_sample,0,RFWFRPPYEVDARRCKFNTFWLWP,3.4999297895410564e-06
8.796876907348633,0.5062808990478516,0.4068922996520996,12.383228302001953,0.1666666716337204,0.21536999940872192,0.48914024233818054,-0.5062808990478516,-0.4068922996520996,12.383228302001953,0.01137777790427208,-0.21536999940872192,-0.48914024233818054,-0.5859449505805969,2.7738137245178223,0.11912637948989868,12.473573684692383,3.5123846530914307,8.796876907348633,0.5859449505805969,7,0.25,4,0.11666667461395264,0.4166666865348816,-2.7738137245178223,12.473573684692383,-3.5123846530914307,contact_qp_grid,0.08,10,M8a,0,0.6,1.0,topk_sample,0,RFWVRAPYEPHGRGGKMITFRFWP,3.4999297895410564e-06
12.35979175567627,0.2921953797340393,0.08038829267024994,19.17776107788086,0.2083333432674408,0.11970292031764984,0.11863771080970764,-0.2921953797340393,-0.08038829267024994,19.17776107788086,0.022002780809998512,-0.11970292031764984,-0.11863771080970764,-0.41013532876968384,3.3338160514831543,0.04879586026072502,16.802364349365234,3.3888938426971436,12.35979175567627,0.41013532876968384,0,0.0,0,0.03333333134651184,0.3333333432674408,-3.3338160514831543,16.802364349365234,-3.3888938426971436,contact_qp_grid,0.04,10,M8b,0,0.6,1.0,argmax,0,RFWFPNTYKVNGKNCNFNTRPYWK,3.4999297895410564e-06
10.737008094787598,0.33140164613723755,0.09537841379642487,17.905920028686523,0.03380433842539787,0.15342797338962555,0.14319393038749695,-0.33140164613723755,-0.09537841379642487,17.905920028686523,0.0006862126174382865,-0.15342797338962555,-0.14319393038749695,-0.4349048137664795,3.518014669418335,0.08107209950685501,16.867666244506836,3.317739725112915,10.737008094787598,0.4349048137664795,0,0.0,0,0.07464790344238281,0.37464791536331177,-3.518014669418335,16.867666244506836,-3.317739725112915,contact_qp_grid,0.04,10,M8b,0,0.6,1.0,soft,0,RFWFPNTYKVNGKNCNFNTRPYWK,2.309143543243408
12.321081161499023,0.34992262721061707,0.1575177162885666,16.541481018066406,0.1666666716337204,0.17503425478935242,0.18594242632389069,-0.34992262721061707,-0.1575177162885666,16.541481018066406,0.01137777790427208,-0.17503425478935242,-0.18594242632389069,-0.4706188440322876,3.2493739128112793,0.08137406408786774,16.065263748168945,3.406649589538574,12.321081161499023,0.4706188440322876,0,0.25,4,0.07499998807907104,0.375,-3.2493739128112793,16.065263748168945,-3.406649589538574,contact_qp_grid,0.04,10,M8b,0,0.6,1.0,topk_sample,0,RVWWPDHYKVNAKNCNFNTRPFWK,3.4999297895410564e-06
12.963675498962402,0.3113064765930176,0.09627462923526764,18.40073585510254,0.1666666716337204,0.10640518367290497,0.11601310968399048,-0.3113064765930176,-0.09627462923526764,18.40073585510254,0.01137777790427208,-0.10640518367290497,-0.11601310968399048,-0.41959184408187866,3.438605308532715,0.024922456592321396,16.976526260375977,3.1951794624328613,12.963675498962402,0.41959184408187866,1,0.25,4,-0.008333325386047363,0.2916666865348816,-3.438605308532715,16.976526260375977,-3.1951794624328613,contact_qp_grid,0.04,10,M8b,0,0.6,1.0,topk_sample,0,RIHIPPTYKVNGKNGNFNTRPYWP,3.4999297895410564e-06
10.845648765563965,0.337422251701355,0.23157422244548798,16.79273796081543,0.0416666679084301,0.19537411630153656,0.24271303415298462,-0.337422251701355,-0.23157422244548798,16.79273796081543,0.0003361110284458846,-0.19537411630153656,-0.24271303415298462,-0.45032891631126404,3.3620593547821045,0.024922456592321396,15.002936363220215,3.544034242630005,10.845648765563965,0.45032891631126404,2,0.25,4,-0.008333325386047363,0.2916666865348816,-3.3620593547821045,15.002936363220215,-3.544034242630005,contact_qp_grid,0.04,10,M8b,0,0.6,1.0,topk_sample,0,RIWFPPNYEVNGKDGQFNTRPFPT,3.4999297895410564e-06
12.165253639221191,0.30959367752075195,0.08052389323711395,18.287431716918945,0.1666666716337204,0.09428859502077103,0.09571760147809982,-0.30959367752075195,-0.08052389323711395,18.287431716918945,0.01137777790427208,-0.09428859502077103,-0.09571760147809982,-0.40707242488861084,3.4708757400512695,0.010970099829137325,17.676965713500977,3.3997249603271484,12.165253639221191,0.40707242488861084,3,0.25,4,-0.050000011920928955,0.25,-3.4708757400512695,17.676965713500977,-3.3997249603271484,contact_qp_grid,0.04,10,M8b,0,0.6,1.0,topk_sample,0,RFHFPNTYKVNSRNCQFNTKPYPT,3.4999297895410564e-06
12.45519733428955,0.2743627727031708,0.09019480645656586,18.47382354736328,0.2083333432674408,0.06622741371393204,0.12339569628238678,-0.2743627727031708,-0.09019480645656586,18.47382354736328,0.022002780809998512,-0.06622741371393204,-0.12339569628238678,-0.41211873292922974,3.641935348510742,0.010970099829137325,16.081920623779297,3.140536308288574,12.45519733428955,0.41211873292922974,4,0.25,4,-0.050000011920928955,0.25,-3.641935348510742,16.081920623779297,-3.140536308288574,contact_qp_grid,0.04,10,M8b,0,0.6,1.0,topk_sample,0,RFWFRDTYKVNGKNCNCNTRPFPK,3.4999297895410564e-06
11.787017822265625,0.30844026803970337,0.08561891317367554,17.97487449645996,0.1666666716337204,0.0,0.11140510439872742,-0.30844026803970337,-0.08561891317367554,17.97487449645996,0.01137777790427208,-0.0,-0.11140510439872742,-0.4094439446926117,3.479820728302002,0.010970099829137325,16.95880699157715,3.265536308288574,11.787017822265625,0.4094439446926117,5,0.25,4,-0.050000011920928955,0.25,-3.479820728302002,16.95880699157715,-3.265536308288574,contact_qp_grid,0.04,10,M8b,0,0.6,1.0,topk_sample,0,RVHIRPTCKVNGRNGEFNTRPYWP,3.4999297895410564e-06
11.816182136535645,0.3094026446342468,0.13194772601127625,17.97545051574707,0.125,0.1939404010772705,0.16907969117164612,-0.3094026446342468,-0.13194772601127625,17.97545051574707,0.004224999807775021,-0.1939404010772705,-0.16907969117164612,-0.40683695673942566,3.3614401817321777,0.08137406408786774,16.214950561523438,3.563920497894287,11.816182136535645,0.40683695673942566,6,0.25,4,0.07499998807907104,0.375,-3.3614401817321777,16.214950561523438,-3.563920497894287,contact_qp_grid,0.04,10,M8b,0,0.6,1.0,topk_sample,0,RVWFPNNYEVNGRNCQFITKPLWK,3.4999297895410564e-06
9.610105514526367,0.4212605357170105,0.2680298388004303,13.901206016540527,0.0416666679084301,0.2787875831127167,0.340973824262619,-0.4212605357170105,-0.2680298388004303,13.901206016540527,0.0003361110284458846,-0.2787875831127167,-0.340973824262619,-0.5324681401252747,2.7918355464935303,0.11912637948989868,13.491074562072754,3.5491833686828613,9.610105514526367,0.5324681401252747,7,0.25,4,0.11666667461395264,0.4166666865348816,-2.7918355464935303,13.491074562072754,-3.5491833686828613,contact_qp_grid,0.04,10,M8b,0,0.6,1.0,topk_sample,0,RVWFPANYETNSREGQWNTFWYWK,3.4999297895410564e-06
12.35979175567627,0.2921953797340393,0.08038829267024994,19.17776107788086,0.2083333432674408,0.11970292031764984,0.11863771080970764,-0.2921953797340393,-0.08038829267024994,19.17776107788086,0.022002780809998512,-0.11970292031764984,-0.11863771080970764,-0.41013532876968384,3.3338160514831543,0.04879586026072502,16.802364349365234,3.3888938426971436,12.35979175567627,0.41013532876968384,0,0.0,0,0.03333333134651184,0.3333333432674408,-3.3338160514831543,16.802364349365234,-3.3888938426971436,contact_qp_grid_contact_first,0.04,10,M8f,0,0.6,1.0,argmax,0,RFWFPNTYKVNGKNCNFNTRPYWK,3.4999297895410564e-06
10.737008094787598,0.33140164613723755,0.09537841379642487,17.905920028686523,0.03380433842539787,0.15342797338962555,0.14319393038749695,-0.33140164613723755,-0.09537841379642487,17.905920028686523,0.0006862126174382865,-0.15342797338962555,-0.14319393038749695,-0.4349048137664795,3.518014669418335,0.08107209950685501,16.867666244506836,3.317739725112915,10.737008094787598,0.4349048137664795,0,0.0,0,0.07464790344238281,0.37464791536331177,-3.518014669418335,16.867666244506836,-3.317739725112915,contact_qp_grid_contact_first,0.04,10,M8f,0,0.6,1.0,soft,0,RFWFPNTYKVNGKNCNFNTRPYWK,2.309143543243408
12.321081161499023,0.34992262721061707,0.1575177162885666,16.541481018066406,0.1666666716337204,0.17503425478935242,0.18594242632389069,-0.34992262721061707,-0.1575177162885666,16.541481018066406,0.01137777790427208,-0.17503425478935242,-0.18594242632389069,-0.4706188440322876,3.2493739128112793,0.08137406408786774,16.065263748168945,3.406649589538574,12.321081161499023,0.4706188440322876,0,0.25,4,0.07499998807907104,0.375,-3.2493739128112793,16.065263748168945,-3.406649589538574,contact_qp_grid_contact_first,0.04,10,M8f,0,0.6,1.0,topk_sample,0,RVWWPDHYKVNAKNCNFNTRPFWK,3.4999297895410564e-06
12.963675498962402,0.3113064765930176,0.09627462923526764,18.40073585510254,0.1666666716337204,0.10640518367290497,0.11601310968399048,-0.3113064765930176,-0.09627462923526764,18.40073585510254,0.01137777790427208,-0.10640518367290497,-0.11601310968399048,-0.41959184408187866,3.438605308532715,0.024922456592321396,16.976526260375977,3.1951794624328613,12.963675498962402,0.41959184408187866,1,0.25,4,-0.008333325386047363,0.2916666865348816,-3.438605308532715,16.976526260375977,-3.1951794624328613,contact_qp_grid_contact_first,0.04,10,M8f,0,0.6,1.0,topk_sample,0,RIHIPPTYKVNGKNGNFNTRPYWP,3.4999297895410564e-06
10.845648765563965,0.337422251701355,0.23157422244548798,16.79273796081543,0.0416666679084301,0.19537411630153656,0.24271303415298462,-0.337422251701355,-0.23157422244548798,16.79273796081543,0.0003361110284458846,-0.19537411630153656,-0.24271303415298462,-0.45032891631126404,3.3620593547821045,0.024922456592321396,15.002936363220215,3.544034242630005,10.845648765563965,0.45032891631126404,2,0.25,4,-0.008333325386047363,0.2916666865348816,-3.3620593547821045,15.002936363220215,-3.544034242630005,contact_qp_grid_contact_first,0.04,10,M8f,0,0.6,1.0,topk_sample,0,RIWFPPNYEVNGKDGQFNTRPFPT,3.4999297895410564e-06
12.165253639221191,0.30959367752075195,0.08052389323711395,18.287431716918945,0.1666666716337204,0.09428859502077103,0.09571760147809982,-0.30959367752075195,-0.08052389323711395,18.287431716918945,0.01137777790427208,-0.09428859502077103,-0.09571760147809982,-0.40707242488861084,3.4708757400512695,0.010970099829137325,17.676965713500977,3.3997249603271484,12.165253639221191,0.40707242488861084,3,0.25,4,-0.050000011920928955,0.25,-3.4708757400512695,17.676965713500977,-3.3997249603271484,contact_qp_grid_contact_first,0.04,10,M8f,0,0.6,1.0,topk_sample,0,RFHFPNTYKVNSRNCQFNTKPYPT,3.4999297895410564e-06
12.45519733428955,0.2743627727031708,0.09019480645656586,18.47382354736328,0.2083333432674408,0.06622741371393204,0.12339569628238678,-0.2743627727031708,-0.09019480645656586,18.47382354736328,0.022002780809998512,-0.06622741371393204,-0.12339569628238678,-0.41211873292922974,3.641935348510742,0.010970099829137325,16.081920623779297,3.140536308288574,12.45519733428955,0.41211873292922974,4,0.25,4,-0.050000011920928955,0.25,-3.641935348510742,16.081920623779297,-3.140536308288574,contact_qp_grid_contact_first,0.04,10,M8f,0,0.6,1.0,topk_sample,0,RFWFRDTYKVNGKNCNCNTRPFPK,3.4999297895410564e-06
11.787017822265625,0.30844026803970337,0.08561891317367554,17.97487449645996,0.1666666716337204,0.0,0.11140510439872742,-0.30844026803970337,-0.08561891317367554,17.97487449645996,0.01137777790427208,-0.0,-0.11140510439872742,-0.4094439446926117,3.479820728302002,0.010970099829137325,16.95880699157715,3.265536308288574,11.787017822265625,0.4094439446926117,5,0.25,4,-0.050000011920928955,0.25,-3.479820728302002,16.95880699157715,-3.265536308288574,contact_qp_grid_contact_first,0.04,10,M8f,0,0.6,1.0,topk_sample,0,RVHIRPTCKVNGRNGEFNTRPYWP,3.4999297895410564e-06
11.816182136535645,0.3094026446342468,0.13194772601127625,17.97545051574707,0.125,0.1939404010772705,0.16907969117164612,-0.3094026446342468,-0.13194772601127625,17.97545051574707,0.004224999807775021,-0.1939404010772705,-0.16907969117164612,-0.40683695673942566,3.3614401817321777,0.08137406408786774,16.214950561523438,3.563920497894287,11.816182136535645,0.40683695673942566,6,0.25,4,0.07499998807907104,0.375,-3.3614401817321777,16.214950561523438,-3.563920497894287,contact_qp_grid_contact_first,0.04,10,M8f,0,0.6,1.0,topk_sample,0,RVWFPNNYEVNGRNCQFITKPLWK,3.4999297895410564e-06
9.610105514526367,0.4212605357170105,0.2680298388004303,13.901206016540527,0.0416666679084301,0.2787875831127167,0.340973824262619,-0.4212605357170105,-0.2680298388004303,13.901206016540527,0.0003361110284458846,-0.2787875831127167,-0.340973824262619,-0.5324681401252747,2.7918355464935303,0.11912637948989868,13.491074562072754,3.5491833686828613,9.610105514526367,0.5324681401252747,7,0.25,4,0.11666667461395264,0.4166666865348816,-2.7918355464935303,13.491074562072754,-3.5491833686828613,contact_qp_grid_contact_first,0.04,10,M8f,0,0.6,1.0,topk_sample,0,RVWFPANYETNSREGQWNTFWYWK,3.4999297895410564e-06
8.730938911437988,0.4539138078689575,0.29624831676483154,12.688314437866211,0.125,0.16797508299350739,0.36272311210632324,-0.4539138078689575,-0.29624831676483154,12.688314437866211,0.004224999807775021,-0.16797508299350739,-0.36272311210632324,-0.558017373085022,2.7528626918792725,0.20034149289131165,13.095808029174805,3.058682680130005,8.730938911437988,0.558017373085022,0,0.0,0,0.19999998807907104,0.5,-2.7528626918792725,13.095808029174805,-3.058682680130005,contact_qp_grid_contact_first,0.06,10,M8g,0,0.6,1.0,argmax,0,RMWFRPEYKVNAKNCNFITFWFWP,3.4999297895410564e-06
8.344551086425781,0.5312581062316895,0.41232433915138245,11.39395523071289,0.06257079541683197,0.209898442029953,0.5108638405799866,-0.5312581062316895,-0.41232433915138245,11.39395523071289,6.608996045542881e-06,-0.209898442029953,-0.5108638405799866,-0.6432093381881714,2.495403528213501,0.08798100799322128,12.01225757598877,3.3279104232788086,8.344551086425781,0.6432093381881714,0,0.0,0,0.08260482549667358,0.38260483741760254,-2.495403528213501,12.01225757598877,-3.3279104232788086,contact_qp_grid_contact_first,0.06,10,M8g,0,0.6,1.0,soft,0,RMWFRPEYKVNAKNCNFITFWFWP,2.314300537109375
7.676779747009277,0.536738395690918,0.42027366161346436,10.828147888183594,0.125,0.1893181949853897,0.5203996300697327,-0.536738395690918,-0.42027366161346436,10.828147888183594,0.004224999807775021,-0.1893181949853897,-0.5203996300697327,-0.6154809594154358,2.7722280025482178,0.11912637948989868,11.12664794921875,3.1865234375,7.676779747009277,0.6154809594154358,0,0.25,4,0.11666667461395264,0.4166666865348816,-2.7722280025482178,11.12664794921875,-3.1865234375,contact_qp_grid_contact_first,0.06,10,M8g,0,0.6,1.0,topk_sample,0,RFHIRPDYKVNCKNCNFITFWFWP,3.4999297895410564e-06
8.186945915222168,0.4415539503097534,0.25101321935653687,12.129518508911133,0.125,0.12857547402381897,0.26767516136169434,-0.4415539503097534,-0.25101321935653687,12.129518508911133,0.004224999807775021,-0.12857547402381897,-0.26767516136169434,-0.5656862258911133,2.7103066444396973,0.15925517678260803,13.151398658752441,3.1389827728271484,8.186945915222168,0.5656862258911133,1,0.25,4,0.15833333134651184,0.4583333432674408,-2.7103066444396973,13.151398658752441,-3.1389827728271484,contact_qp_grid_contact_first,0.06,10,M8g,0,0.6,1.0,topk_sample,0,RVRWRAEYKVNARNCNFNTFWFWD,3.4999297895410564e-06
8.437423706054688,0.5238058567047119,0.4408416450023651,11.813993453979492,0.25,0.21839535236358643,0.5116761922836304,-0.5238058567047119,-0.4408416450023651,11.813993453979492,0.03610000014305115,-0.21839535236358643,-0.5116761922836304,-0.6027862429618835,2.7750661373138428,0.08137406408786774,12.211848258972168,3.3747336864471436,8.437423706054688,0.6027862429618835,2,0.25,4,0.07499998807907104,0.375,-2.7750661373138428,12.211848258972168,-3.3747336864471436,contact_qp_grid_contact_first,0.06,10,M8g,0,0.6,1.0,topk_sample,0,RVHFRAPYECRAKRCKFITFRFPT,3.4999297895410564e-06
10.563115119934082,0.3967948257923126,0.21662938594818115,15.241888999938965,0.2083333432674408,0.18210150301456451,0.2636900246143341,-0.3967948257923126,-0.21662938594818115,15.241888999938965,0.022002780809998512,-0.18210150301456451,-0.2636900246143341,-0.4868682324886322,3.1845786571502686,0.08137406408786774,14.829113960266113,3.46533203125,10.563115119934082,0.4868682324886322,3,0.25,4,0.07499998807907104,0.375,-3.1845786571502686,14.829113960266113,-3.46533203125,contact_qp_grid_contact_first,0.06,10,M8g,0,0.6,1.0,topk_sample,0,RMRFRPEYKVNGRNCKFITYWFPT,3.4999297895410564e-06
11.36545467376709,0.32928988337516785,0.1265280842781067,16.84195327758789,0.125,0.20181706547737122,0.16111725568771362,-0.32928988337516785,-0.1265280842781067,16.84195327758789,0.004224999807775021,-0.20181706547737122,-0.16111725568771362,-0.4332171678543091,3.1343045234680176,0.08137406408786774,16.13817596435547,3.466841459274292,11.36545467376709,0.4332171678543091,4,0.25,4,0.07499998807907104,0.375,-3.1343045234680176,16.13817596435547,-3.466841459274292,contact_qp_grid_contact_first,0.06,10,M8g,0,0.6,1.0,topk_sample,0,RIWFPPEYKVNGKNCNFNTFRFWP,3.4999297895410564e-06
9.600916862487793,0.44263386726379395,0.27365148067474365,13.817449569702148,0.1666666716337204,0.1376112699508667,0.35339197516441345,-0.44263386726379395,-0.27365148067474365,13.817449569702148,0.01137777790427208,-0.1376112699508667,-0.35339197516441345,-0.5300767421722412,3.0276284217834473,0.11912637948989868,13.972115516662598,3.3782405853271484,9.600916862487793,0.5300767421722412,5,0.25,4,0.11666667461395264,0.4166666865348816,-3.0276284217834473,13.972115516662598,-3.3782405853271484,contact_qp_grid_contact_first,0.06,10,M8g,0,0.6,1.0,topk_sample,0,RFRWRPNSKVNARNCHFITFFFWD,3.4999297895410564e-06
11.497650146484375,0.31647247076034546,0.09231023490428925,17.846960067749023,0.125,0.10085968673229218,0.10607028007507324,-0.31647247076034546,-0.09231023490428925,17.846960067749023,0.004224999807775021,-0.10085968673229218,-0.10607028007507324,-0.4139551818370819,3.5880041122436523,0.15925517678260803,17.654132843017578,3.547274589538574,11.497650146484375,0.4139551818370819,6,0.25,4,0.15833333134651184,0.4583333432674408,-3.5880041122436523,17.654132843017578,-3.547274589538574,contact_qp_grid_contact_first,0.06,10,M8g,0,0.6,1.0,topk_sample,0,RFWFRPPYEVDARRCKFNTFWLWP,3.4999297895410564e-06
8.796876907348633,0.5062808990478516,0.4068922996520996,12.383228302001953,0.1666666716337204,0.21536999940872192,0.48914024233818054,-0.5062808990478516,-0.4068922996520996,12.383228302001953,0.01137777790427208,-0.21536999940872192,-0.48914024233818054,-0.5859449505805969,2.7738137245178223,0.11912637948989868,12.473573684692383,3.5123846530914307,8.796876907348633,0.5859449505805969,7,0.25,4,0.11666667461395264,0.4166666865348816,-2.7738137245178223,12.473573684692383,-3.5123846530914307,contact_qp_grid_contact_first,0.06,10,M8g,0,0.6,1.0,topk_sample,0,RFWVRAPYEPHGRGGKMITFRFWP,3.4999297895410564e-06
12.35979175567627,0.2921953797340393,0.08038829267024994,19.17776107788086,0.2083333432674408,0.11970292031764984,0.11863771080970764,-0.2921953797340393,-0.08038829267024994,19.17776107788086,0.022002780809998512,-0.11970292031764984,-0.11863771080970764,-0.41013532876968384,3.3338160514831543,0.04879586026072502,16.802364349365234,3.3888938426971436,12.35979175567627,0.41013532876968384,0,0.0,0,0.03333333134651184,0.3333333432674408,-3.3338160514831543,16.802364349365234,-3.3888938426971436,contact_qp_grid,0.04,20,M8h,0,0.6,1.0,argmax,0,RFWFPNTYKVNGKNCNFNTRPYWK,3.4999297895410564e-06
10.737008094787598,0.33140164613723755,0.09537841379642487,17.905920028686523,0.03380433842539787,0.15342797338962555,0.14319393038749695,-0.33140164613723755,-0.09537841379642487,17.905920028686523,0.0006862126174382865,-0.15342797338962555,-0.14319393038749695,-0.4349048137664795,3.518014669418335,0.08107209950685501,16.867666244506836,3.317739725112915,10.737008094787598,0.4349048137664795,0,0.0,0,0.07464790344238281,0.37464791536331177,-3.518014669418335,16.867666244506836,-3.317739725112915,contact_qp_grid,0.04,20,M8h,0,0.6,1.0,soft,0,RFWFPNTYKVNGKNCNFNTRPYWK,2.309143543243408
12.321081161499023,0.34992262721061707,0.1575177162885666,16.541481018066406,0.1666666716337204,0.17503425478935242,0.18594242632389069,-0.34992262721061707,-0.1575177162885666,16.541481018066406,0.01137777790427208,-0.17503425478935242,-0.18594242632389069,-0.4706188440322876,3.2493739128112793,0.08137406408786774,16.065263748168945,3.406649589538574,12.321081161499023,0.4706188440322876,0,0.25,4,0.07499998807907104,0.375,-3.2493739128112793,16.065263748168945,-3.406649589538574,contact_qp_grid,0.04,20,M8h,0,0.6,1.0,topk_sample,0,RVWWPDHYKVNAKNCNFNTRPFWK,3.4999297895410564e-06
12.963675498962402,0.3113064765930176,0.09627462923526764,18.40073585510254,0.1666666716337204,0.10640518367290497,0.11601310968399048,-0.3113064765930176,-0.09627462923526764,18.40073585510254,0.01137777790427208,-0.10640518367290497,-0.11601310968399048,-0.41959184408187866,3.438605308532715,0.024922456592321396,16.976526260375977,3.1951794624328613,12.963675498962402,0.41959184408187866,1,0.25,4,-0.008333325386047363,0.2916666865348816,-3.438605308532715,16.976526260375977,-3.1951794624328613,contact_qp_grid,0.04,20,M8h,0,0.6,1.0,topk_sample,0,RIHIPPTYKVNGKNGNFNTRPYWP,3.4999297895410564e-06
10.845648765563965,0.337422251701355,0.23157422244548798,16.79273796081543,0.0416666679084301,0.19537411630153656,0.24271303415298462,-0.337422251701355,-0.23157422244548798,16.79273796081543,0.0003361110284458846,-0.19537411630153656,-0.24271303415298462,-0.45032891631126404,3.3620593547821045,0.024922456592321396,15.002936363220215,3.544034242630005,10.845648765563965,0.45032891631126404,2,0.25,4,-0.008333325386047363,0.2916666865348816,-3.3620593547821045,15.002936363220215,-3.544034242630005,contact_qp_grid,0.04,20,M8h,0,0.6,1.0,topk_sample,0,RIWFPPNYEVNGKDGQFNTRPFPT,3.4999297895410564e-06
12.165253639221191,0.30959367752075195,0.08052389323711395,18.287431716918945,0.1666666716337204,0.09428859502077103,0.09571760147809982,-0.30959367752075195,-0.08052389323711395,18.287431716918945,0.01137777790427208,-0.09428859502077103,-0.09571760147809982,-0.40707242488861084,3.4708757400512695,0.010970099829137325,17.676965713500977,3.3997249603271484,12.165253639221191,0.40707242488861084,3,0.25,4,-0.050000011920928955,0.25,-3.4708757400512695,17.676965713500977,-3.3997249603271484,contact_qp_grid,0.04,20,M8h,0,0.6,1.0,topk_sample,0,RFHFPNTYKVNSRNCQFNTKPYPT,3.4999297895410564e-06
12.45519733428955,0.2743627727031708,0.09019480645656586,18.47382354736328,0.2083333432674408,0.06622741371393204,0.12339569628238678,-0.2743627727031708,-0.09019480645656586,18.47382354736328,0.022002780809998512,-0.06622741371393204,-0.12339569628238678,-0.41211873292922974,3.641935348510742,0.010970099829137325,16.081920623779297,3.140536308288574,12.45519733428955,0.41211873292922974,4,0.25,4,-0.050000011920928955,0.25,-3.641935348510742,16.081920623779297,-3.140536308288574,contact_qp_grid,0.04,20,M8h,0,0.6,1.0,topk_sample,0,RFWFRDTYKVNGKNCNCNTRPFPK,3.4999297895410564e-06
11.787017822265625,0.30844026803970337,0.08561891317367554,17.97487449645996,0.1666666716337204,0.0,0.11140510439872742,-0.30844026803970337,-0.08561891317367554,17.97487449645996,0.01137777790427208,-0.0,-0.11140510439872742,-0.4094439446926117,3.479820728302002,0.010970099829137325,16.95880699157715,3.265536308288574,11.787017822265625,0.4094439446926117,5,0.25,4,-0.050000011920928955,0.25,-3.479820728302002,16.95880699157715,-3.265536308288574,contact_qp_grid,0.04,20,M8h,0,0.6,1.0,topk_sample,0,RVHIRPTCKVNGRNGEFNTRPYWP,3.4999297895410564e-06
11.816182136535645,0.3094026446342468,0.13194772601127625,17.97545051574707,0.125,0.1939404010772705,0.16907969117164612,-0.3094026446342468,-0.13194772601127625,17.97545051574707,0.004224999807775021,-0.1939404010772705,-0.16907969117164612,-0.40683695673942566,3.3614401817321777,0.08137406408786774,16.214950561523438,3.563920497894287,11.816182136535645,0.40683695673942566,6,0.25,4,0.07499998807907104,0.375,-3.3614401817321777,16.214950561523438,-3.563920497894287,contact_qp_grid,0.04,20,M8h,0,0.6,1.0,topk_sample,0,RVWFPNNYEVNGRNCQFITKPLWK,3.4999297895410564e-06
9.610105514526367,0.4212605357170105,0.2680298388004303,13.901206016540527,0.0416666679084301,0.2787875831127167,0.340973824262619,-0.4212605357170105,-0.2680298388004303,13.901206016540527,0.0003361110284458846,-0.2787875831127167,-0.340973824262619,-0.5324681401252747,2.7918355464935303,0.11912637948989868,13.491074562072754,3.5491833686828613,9.610105514526367,0.5324681401252747,7,0.25,4,0.11666667461395264,0.4166666865348816,-2.7918355464935303,13.491074562072754,-3.5491833686828613,contact_qp_grid,0.04,20,M8h,0,0.6,1.0,topk_sample,0,RVWFPANYETNSREGQWNTFWYWK,3.4999297895410564e-06
10.119163513183594,0.51777184009552,0.40159687399864197,13.3228120803833,-0.0416666679084301,0.18005597591400146,0.46266040205955505,-0.51777184009552,-0.40159687399864197,13.3228120803833,0.010336111299693584,-0.18005597591400146,-0.46266040205955505,-0.5933558344841003,2.8406925201416016,0.04879586026072502,12.828251838684082,3.203169584274292,10.119163513183594,0.5933558344841003,0,0.0,0,0.03333333134651184,0.3333333432674408,-2.8406925201416016,12.828251838684082,-3.203169584274292,naive_weighted,0.02,8,M3,1,0.0,1.0,argmax,1,ETMNPGPYNFPGRPWVTITFPPLD,3.4999297895410564e-06
3.6379263401031494,0.8403582572937012,0.6419855952262878,5.945077896118164,-0.01533119659870863,0.32593029737472534,0.78911954164505,-0.8403582572937012,-0.6419855952262878,5.945077896118164,0.005674789194017649,-0.32593029737472534,-0.78911954164505,-0.8239099979400635,1.9842281341552734,0.05251658707857132,7.748244285583496,3.2173941135406494,3.6379263401031494,0.8239099979400635,0,0.0,0,0.03862348198890686,0.3386234939098358,-1.9842281341552734,7.748244285583496,-3.2173941135406494,naive_weighted,0.02,8,M3,1,0.0,1.0,soft,1,ETMNPGPYNFPGRPWVTITFPPLD,2.043184280395508
11.415749549865723,0.48545995354652405,0.42987191677093506,14.515461921691895,-0.0833333358168602,0.19207143783569336,0.4527553915977478,-0.48545995354652405,-0.42987191677093506,14.515461921691895,0.020544443279504776,-0.19207143783569336,-0.4527553915977478,-0.5978034734725952,2.92765212059021,0.08137406408786774,13.215867042541504,3.0320935249328613,11.415749549865723,0.5978034734725952,0,0.25,4,0.07499998807907104,0.375,-2.92765212059021,13.215867042541504,-3.0320935249328613,naive_weighted,0.02,8,M3,1,0.0,1.0,topk_sample,1,EPITPSPYNFPGIPMVTITFPPLE,3.4999297895410564e-06
10.269055366516113,0.5145362019538879,0.4526832103729248,13.54300594329834,0.0,0.21110284328460693,0.49641546607017517,-0.5145362019538879,-0.4526832103729248,13.54300594329834,0.003599999938160181,-0.21110284328460693,-0.49641546607017517,-0.604836106300354,2.7495856285095215,0.004378471523523331,12.659721374511719,3.4422054290771484,10.269055366516113,0.604836106300354,1,0.25,4,-0.09166666865348816,0.2083333432674408,-2.7495856285095215,12.659721374511719,-3.4422054290771484,naive_weighted,0.02,8,M3,1,0.0,1.0,topk_sample,1,ETPNPSTHNFPGRNFMTITFPPPG,3.4999297895410564e-06
10.508872985839844,0.4871053993701935,0.38240846991539,13.430720329284668,-0.0416666679084301,0.1675570160150528,0.43840456008911133,-0.4871053993701935,-0.38240846991539,13.430720329284668,0.010336111299693584,-0.1675570160150528,-0.43840456008911133,-0.5824393033981323,2.981882095336914,0.024922456592321396,12.989008903503418,3.0267224311828613,10.508872985839844,0.5824393033981323,2,0.25,4,-0.008333325386047363,0.2916666865348816,-2.981882095336914,12.989008903503418,-3.0267224311828613,naive_weighted,0.02,8,M3,1,0.0,1.0,topk_sample,1,ETINPSPYNFPEKPWMTITLPPPG,3.4999297895410564e-06
9.499027252197266,0.5420410633087158,0.43932846188545227,12.651823043823242,0.0,0.20498311519622803,0.5034244060516357,-0.5420410633087158,-0.43932846188545227,12.651823043823242,0.003599999938160181,-0.20498311519622803,-0.5034244060516357,-0.6085391044616699,2.7477805614471436,0.04879586026072502,12.280571937561035,3.2808949947357178,9.499027252197266,0.6085391044616699,3,0.25,4,0.03333333134651184,0.3333333432674408,-2.7477805614471436,12.280571937561035,-3.2808949947357178,naive_weighted,0.02,8,M3,1,0.0,1.0,topk_sample,1,MTMNSGPYNFPGRPWVTITFPPTD,3.4999297895410564e-06
9.541669845581055,0.504747748374939,0.3841787576675415,12.945980072021484,0.0,0.16911157965660095,0.45460212230682373,-0.504747748374939,-0.3841787576675415,12.945980072021484,0.003599999938160181,-0.16911157965660095,-0.45460212230682373,-0.5871189832687378,2.828359365463257,0.024922456592321396,12.652592658996582,3.0557973384857178,9.541669845581055,0.5871189832687378,4,0.25,4,-0.008333325386047363,0.2916666865348816,-2.828359365463257,12.652592658996582,-3.0557973384857178,naive_weighted,0.02,8,M3,1,0.0,1.0,topk_sample,1,CTITPSPGNFPGKPWITITFPPLE,3.4999297895410564e-06
10.3767671585083,0.5038281679153442,0.4312745928764343,13.24059009552002,0.0416666679084301,0.19567444920539856,0.4629097580909729,-0.5038281679153442,-0.4312745928764343,13.24059009552002,0.0003361110284458846,-0.19567444920539856,-0.4629097580909729,-0.5890331268310547,2.840573787689209,0.024922456592321396,12.44935131072998,3.3018910884857178,10.3767671585083,0.5890331268310547,5,0.25,4,-0.008333325386047363,0.2916666865348816,-2.840573787689209,12.44935131072998,-3.3018910884857178,naive_weighted,0.02,8,M3,1,0.0,1.0,topk_sample,1,RPMNPGTGNFPGKPWMTVTFPPLD,3.4999297895410564e-06
12.859878540039062,0.4123481810092926,0.2891800105571747,16.823226928710938,-0.125,0.19365715980529785,0.3701314926147461,-0.4123481810092926,-0.2891800105571747,16.823226928710938,0.03422500193119049,-0.19365715980529785,-0.3701314926147461,-0.5180426836013794,2.9232916831970215,0.010970099829137325,16.433134078979492,3.333984375,12.859878540039062,0.5180426836013794,6,0.25,4,-0.050000011920928955,0.25,-2.9232916831970215,16.433134078979492,-3.333984375,naive_weighted,0.02,8,M3,1,0.0,1.0,topk_sample,1,EPMDPSTHNGPEKVVMTITFPPND,3.4999297895410564e-06
12.224428176879883,0.4435969889163971,0.3138548731803894,16.432966232299805,-0.0416666679084301,0.14212265610694885,0.3171415627002716,-0.4435969889163971,-0.3138548731803894,16.432966232299805,0.010336111299693584,-0.14212265610694885,-0.3171415627002716,-0.5202610492706299,3.171971321105957,0.004378471523523331,14.976091384887695,3.4001243114471436,12.224428176879883,0.5202610492706299,7,0.25,4,-0.09166666865348816,0.2083333432674408,-3.171971321105957,14.976091384887695,-3.4001243114471436,naive_weighted,0.02,8,M3,1,0.0,1.0,topk_sample,1,ETMNPGPHEGPNRPWVTITFPPPP,3.4999297895410564e-06
10.587425231933594,0.41759470105171204,0.11306674778461456,17.101688385009766,0.1666666716337204,0.03867431357502937,0.11815011501312256,-0.41759470105171204,-0.11306674778461456,17.101688385009766,0.01137777790427208,-0.03867431357502937,-0.11815011501312256,-0.45149677991867065,3.7678709030151367,0.04879586026072502,15.643685340881348,2.7072975635528564,10.587425231933594,0.45149677991867065,0,0.0,0,0.03333333134651184,0.3333333432674408,-3.7678709030151367,15.643685340881348,-2.7072975635528564,contact_preserving_soft_cone,0.08,10,M7c,1,0.6,1.0,argmax,1,RTTTKKYTITIINPNSTLTFKIAG,3.4999297895410564e-06
9.85358715057373,0.3752537667751312,0.10691133886575699,17.6175479888916,0.05347444862127304,0.13245239853858948,0.1522848904132843,-0.3752537667751312,-0.10691133886575699,17.6175479888916,4.258280387148261e-05,-0.13245239853858948,-0.1522848904132843,-0.4337572455406189,3.376988172531128,0.05427757650613785,17.766746520996094,3.094144344329834,9.85358715057373,0.4337572455406189,0,0.0,0,0.041061341762542725,0.3410613536834717,-3.376988172531128,17.766746520996094,-3.094144344329834,contact_preserving_soft_cone,0.08,10,M7c,1,0.6,1.0,soft,1,RTTTKKYTITIINPNSTLTFKIAG,2.1288886070251465
11.184338569641113,0.37517866492271423,0.15115392208099365,16.622224807739258,0.125,0.17540058493614197,0.18223243951797485,-0.37517866492271423,-0.15115392208099365,16.622224807739258,0.004224999807775021,-0.17540058493614197,-0.18223243951797485,-0.46078890562057495,3.4073667526245117,0.08137406408786774,16.62339973449707,3.021883964538574,11.184338569641113,0.46078890562057495,0,0.25,4,0.07499998807907104,0.375,-3.4073667526245117,16.62339973449707,-3.021883964538574,contact_preserving_soft_cone,0.08,10,M7c,1,0.6,1.0,topk_sample,1,RTNSMRYTITIICPESTLTFKIAK,3.4999297895410564e-06
11.178624153137207,0.36258333921432495,0.0886300802230835,19.248619079589844,0.0833333358168602,0.04376353695988655,0.0886300802230835,-0.36258333921432495,-0.0886300802230835,19.248619079589844,0.0005444445996545255,-0.04376353695988655,-0.0886300802230835,-0.42499840259552,3.8354556560516357,0.04879586026072502,17.3868408203125,3.023038148880005,11.178624153137207,0.42499840259552,1,0.25,4,0.03333333134651184,0.3333333432674408,-3.8354556560516357,17.3868408203125,-3.023038148880005,contact_preserving_soft_cone,0.08,10,M7c,1,0.6,1.0,topk_sample,1,RTTTKRTTIFIINDNSTLWFRITD,3.4999297895410564e-06
13.702808380126953,0.2986639142036438,0.08237958699464798,19.456533432006836,0.125,0.07417121529579163,0.10527302324771881,-0.2986639142036438,-0.08237958699464798,19.456533432006836,0.004224999807775021,-0.07417121529579163,-0.10527302324771881,-0.40899309515953064,3.700347900390625,0.04879586026072502,17.91965675354004,3.1676137447357178,13.702808380126953,0.40899309515953064,2,0.25,4,0.03333333134651184,0.3333333432674408,-3.700347900390625,17.91965675354004,-3.1676137447357178,contact_preserving_soft_cone,0.08,10,M7c,1,0.6,1.0,topk_sample,1,RTNTMKYTIPIVCPNSTLKYKITD,3.4999297895410564e-06
10.675004959106445,0.3829856216907501,0.10284456610679626,17.203290939331055,0.0416666679084301,0.09650500118732452,0.13599659502506256,-0.3829856216907501,-0.10284456610679626,17.203290939331055,0.0003361110284458846,-0.09650500118732452,-0.13599659502506256,-0.44300103187561035,3.3250701427459717,0.08137406408786774,17.199525833129883,2.8837890625,10.675004959106445,0.44300103187561035,3,0.25,4,0.07499998807907104,0.375,-3.3250701427459717,17.199525833129883,-2.8837890625,contact_preserving_soft_cone,0.08,10,M7c,1,0.6,1.0,topk_sample,1,MTTTMKYTITIVNPNSTLTFRIEG,3.4999297895410564e-06
8.987835884094238,0.5552700757980347,0.09698587656021118,17.658790588378906,0.0833333358168602,0.0,0.09698587656021118,-0.5552700757980347,-0.09698587656021118,17.658790588378906,0.0005444445996545255,-0.0,-0.09698587656021118,-0.47289562225341797,3.7393627166748047,0.11912637948989868,17.12547492980957,2.98046875,8.987835884094238,0.47289562225341797,4,0.25,4,0.11666667461395264,0.4166666865348816,-3.7393627166748047,17.12547492980957,-2.98046875,contact_preserving_soft_cone,0.08,10,M7c,1,0.6,1.0,topk_sample,1,MTNSMRYKITIICENSTLTFTIAK,3.4999297895410564e-06
12.71618366241455,0.38722386956214905,0.1832173466682434,16.972936630249023,0.0833333358168602,0.1687602996826172,0.22067466378211975,-0.38722386956214905,-0.1832173466682434,16.972936630249023,0.0005444445996545255,-0.1687602996826172,-0.22067466378211975,-0.4541907012462616,3.1985483169555664,0.010970099829137325,16.22995376586914,2.82666015625,12.71618366241455,0.4541907012462616,5,0.25,4,-0.050000011920928955,0.25,-3.1985483169555664,16.22995376586914,-2.82666015625,contact_preserving_soft_cone,0.08,10,M7c,1,0.6,1.0,topk_sample,1,ETTTKKTTIPIICDNSTITFKKAG,3.4999297895410564e-06
12.164691925048828,0.3959689736366272,0.24785193800926208,16.16380500793457,0.1666666716337204,0.17547136545181274,0.26379263401031494,-0.3959689736366272,-0.24785193800926208,16.16380500793457,0.01137777790427208,-0.17547136545181274,-0.26379263401031494,-0.4973302483558655,3.3218019008636475,0.010970099829137325,14.635659217834473,2.784756898880005,12.164691925048828,0.4973302483558655,6,0.25,4,-0.050000011920928955,0.25,-3.3218019008636475,14.635659217834473,-2.784756898880005,contact_preserving_soft_cone,0.08,10,M7c,1,0.6,1.0,topk_sample,1,RTTTKRTTIPIVCGDSTLTFRIKG,3.4999297895410564e-06
10.260693550109863,0.35195592045783997,0.14669862389564514,16.92753028869629,0.0,0.13430219888687134,0.15134599804878235,-0.35195592045783997,-0.14669862389564514,16.92753028869629,0.003599999938160181,-0.13430219888687134,-0.15134599804878235,-0.4377483129501343,3.1770377159118652,0.04879586026072502,16.489788055419922,3.342374086380005,10.260693550109863,0.4377483129501343,7,0.25,4,0.03333333134651184,0.3333333432674408,-3.1770377159118652,16.489788055419922,-3.342374086380005,contact_preserving_soft_cone,0.08,10,M7c,1,0.6,1.0,topk_sample,1,RTTTMKYPMPIDNPNSTLWFTITE,3.4999297895410564e-06
10.846678733825684,0.4838402569293976,0.3677590787410736,14.398201942443848,-0.0416666679084301,0.16247406601905823,0.41473090648651123,-0.4838402569293976,-0.3677590787410736,14.398201942443848,0.010336111299693584,-0.16247406601905823,-0.41473090648651123,-0.5622397065162659,2.925424337387085,0.024922456592321396,13.626699447631836,3.292924404144287,10.846678733825684,0.5622397065162659,0,0.0,0,-0.008333325386047363,0.2916666865348816,-2.925424337387085,13.626699447631836,-3.292924404144287,contact_qp_grid,0.08,10,M8a,0,0.6,1.0,argmax,1,ETMNPGPHNFPGRPWVTITFPPLD,3.4999297895410564e-06
3.6706526279449463,0.8349995613098145,0.6255578398704529,6.152700901031494,-0.015351954847574234,0.3153231143951416,0.7832872867584229,-0.8349995613098145,-0.6255578398704529,6.152700901031494,0.005677917040884495,-0.3153231143951416,-0.7832872867584229,-0.8201345801353455,2.0055813789367676,0.07641761004924774,8.14916706085205,3.2945470809936523,3.6706526279449463,0.8201345801353455,0,0.0,0,0.06916430592536926,0.3691643178462982,-2.0055813789367676,8.14916706085205,-3.2945470809936523,contact_qp_grid,0.08,10,M8a,0,0.6,1.0,soft,1,ETMNPGPHNFPGRPWVTITFPPLD,2.024824619293213
10.976274490356445,0.4972466230392456,0.45234450697898865,14.082539558410645,-0.125,0.20710936188697815,0.47236141562461853,-0.4972466230392456,-0.45234450697898865,14.082539558410645,0.03422500193119049,-0.20710936188697815,-0.47236141562461853,-0.6007691621780396,2.908442258834839,0.04879586026072502,12.788893699645996,3.1764028072357178,10.976274490356445,0.6007691621780396,0,0.25,4,0.03333333134651184,0.3333333432674408,-2.908442258834839,12.788893699645996,-3.1764028072357178,contact_qp_grid,0.08,10,M8a,0,0.6,1.0,topk_sample,1,ETIDPSPHNFPGIPMVTITFPPLE,3.4999297895410564e-06
9.367694854736328,0.5396498441696167,0.4577780067920685,12.611035346984863,0.0,0.21501654386520386,0.5237843990325928,-0.5396498441696167,-0.4577780067920685,12.611035346984863,0.003599999938160181,-0.21501654386520386,-0.5237843990325928,-0.6215239763259888,2.6698265075683594,0.024922456592321396,12.41440200805664,3.4196555614471436,9.367694854736328,0.6215239763259888,1,0.25,4,-0.008333325386047363,0.2916666865348816,-2.6698265075683594,12.41440200805664,-3.4196555614471436,contact_qp_grid,0.08,10,M8a,0,0.6,1.0,topk_sample,1,ETMNPSTYNFPGRNFMTITFPPPG,3.4999297895410564e-06
11.767571449279785,0.45196035504341125,0.3897387385368347,14.6304931640625,-0.0833333358168602,0.17127574980258942,0.41993385553359985,-0.45196035504341125,-0.3897387385368347,14.6304931640625,0.020544443279504776,-0.17127574980258942,-0.41993385553359985,-0.5731116533279419,3.020050048828125,0.024922456592321396,13.682487487792969,3.207120180130005,11.767571449279785,0.5731116533279419,2,0.25,4,-0.008333325386047363,0.2916666865348816,-3.020050048828125,13.682487487792969,-3.207120180130005,contact_qp_grid,0.08,10,M8a,0,0.6,1.0,topk_sample,1,ETINPGPHNFPEVPWMTITWPPPG,3.4999297895410564e-06
9.503442764282227,0.5118064880371094,0.3884392976760864,13.336859703063965,0.0,0.17305034399032593,0.45184797048568726,-0.5118064880371094,-0.3884392976760864,13.336859703063965,0.003599999938160181,-0.17305034399032593,-0.45184797048568726,-0.5778329968452454,2.8394477367401123,0.024922456592321396,12.981592178344727,3.3361151218414307,9.503442764282227,0.5778329968452454,3,0.25,4,-0.008333325386047363,0.2916666865348816,-2.8394477367401123,12.981592178344727,-3.3361151218414307,contact_qp_grid,0.08,10,M8a,0,0.6,1.0,topk_sample,1,CTMNSGPHNFPGRPWVTITFPPAD,3.4999297895410564e-06
8.232586860656738,0.588810920715332,0.40526604652404785,11.809883117675781,-0.0833333358168602,0.1816934496164322,0.5235661268234253,-0.588810920715332,-0.40526604652404785,11.809883117675781,0.020544443279504776,-0.1816934496164322,-0.5235661268234253,-0.6147234439849854,2.6574840545654297,0.04879586026072502,12.463366508483887,3.1915838718414307,8.232586860656738,0.6147234439849854,4,0.25,4,0.03333333134651184,0.3333333432674408,-2.6574840545654297,12.463366508483887,-3.1915838718414307,contact_qp_grid,0.08,10,M8a,0,0.6,1.0,topk_sample,1,CTIDPSPGNFPGVPWITITFPPLD,3.4999297895410564e-06
9.794013023376465,0.47066831588745117,0.2992795407772064,14.394412994384766,-0.0416666679084301,0.14485770463943481,0.33771246671676636,-0.47066831588745117,-0.2992795407772064,14.394412994384766,0.010336111299693584,-0.14485770463943481,-0.33771246671676636,-0.5251836776733398,3.1398472785949707,0.08137406408786774,14.49111270904541,3.5676047801971436,9.794013023376465,0.5251836776733398,5,0.25,4,0.07499998807907104,0.375,-3.1398472785949707,14.49111270904541,-3.5676047801971436,contact_qp_grid,0.08,10,M8a,0,0.6,1.0,topk_sample,1,MPMNPGTHNFPGVPWMTITFPPLD,3.4999297895410564e-06
11.79532241821289,0.47346585988998413,0.40631917119026184,15.636690139770508,-0.125,0.18489448726177216,0.43246322870254517,-0.47346585988998413,-0.40631917119026184,15.636690139770508,0.03422500193119049,-0.18489448726177216,-0.43246322870254517,-0.5991289615631104,2.9105329513549805,0.04879586026072502,14.031291961669922,3.394131898880005,11.79532241821289,0.5991289615631104,6,0.25,4,0.03333333134651184,0.3333333432674408,-2.9105329513549805,14.031291961669922,-3.394131898880005,contact_qp_grid,0.08,10,M8a,0,0.6,1.0,topk_sample,1,EPMNPNTYNGPEVVVMTITFPPND,3.4999297895410564e-06
11.514470100402832,0.46427035331726074,0.34358400106430054,15.27470588684082,-0.0416666679084301,0.147368922829628,0.3592294454574585,-0.46427035331726074,-0.34358400106430054,15.27470588684082,0.010336111299693584,-0.147368922829628,-0.3592294454574585,-0.5448547005653381,3.0875654220581055,0.010970099829137325,13.982796669006348,3.362393617630005,11.514470100402832,0.5448547005653381,7,0.25,4,-0.050000011920928955,0.25,-3.0875654220581055,13.982796669006348,-3.362393617630005,contact_qp_grid,0.08,10,M8a,0,0.6,1.0,topk_sample,1,ETMNPGPYEGPNRPWVTITFPPPP,3.4999297895410564e-06
12.593568801879883,0.3101270794868469,0.08694812655448914,18.909502029418945,-0.0833333358168602,0.0,0.09461693465709686,-0.3101270794868469,-0.08694812655448914,18.909502029418945,0.020544443279504776,-0.0,-0.09461693465709686,-0.4079208970069885,3.763375997543335,0.11912637948989868,18.15703773498535,3.266202211380005,12.593568801879883,0.4079208970069885,0,0.0,0,0.11666667461395264,0.4166666865348816,-3.763375997543335,18.15703773498535,-3.266202211380005,contact_qp_grid,0.04,10,M8b,0,0.6,1.0,argmax,1,ETMSCSPTNDGGKLVVYIWFPIAD,3.4999297895410564e-06
4.014278411865234,0.7832198143005371,0.5072904825210571,7.501391887664795,-0.0386505126953125,0.2551630437374115,0.7004069089889526,-0.7832198143005371,-0.5072904825210571,7.501391887664795,0.009731924161314964,-0.2551630437374115,-0.7004069089889526,-0.7741569876670837,2.1684513092041016,0.09273295104503632,10.711134910583496,3.295485496520996,4.014278411865234,0.7741569876670837,0,0.0,0,0.08797073364257812,0.3879707455635071,-2.1684513092041016,10.711134910583496,-3.295485496520996,contact_qp_grid,0.04,10,M8b,0,0.6,1.0,soft,1,ETMSCSPTNDGGKLVVYIWFPIAD,2.0473268032073975
11.000322341918945,0.44002556800842285,0.3576875925064087,15.3657808303833,-0.1666666716337204,0.15340948104858398,0.3576875925064087,-0.44002556800842285,-0.3576875925064087,15.3657808303833,0.051377780735492706,-0.15340948104858398,-0.3576875925064087,-0.5142316222190857,3.1744236946105957,0.08137406408786774,13.093277931213379,3.0919744968414307,11.000322341918945,0.5142316222190857,0,0.25,4,0.07499998807907104,0.375,-3.1744236946105957,13.093277931213379,-3.0919744968414307,contact_qp_grid,0.04,10,M8b,0,0.6,1.0,topk_sample,1,EDFTCDPTNDGGKLISYIWFPIAE,3.4999297895410564e-06
12.253721237182617,0.2968827486038208,0.08078522235155106,18.56936264038086,-0.125,0.0,0.10546274483203888,-0.2968827486038208,-0.08078522235155106,18.56936264038086,0.03422500193119049,-0.0,-0.10546274483203888,-0.417655885219574,3.762268543243408,0.010970099829137325,17.16057014465332,3.268599271774292,12.253721237182617,0.417655885219574,1,0.25,4,-0.050000011920928955,0.25,-3.762268543243408,17.16057014465332,-3.268599271774292,contact_qp_grid,0.04,10,M8b,0,0.6,1.0,topk_sample,1,EDMSCDCTNDGGKVPSYIWFPPPP,3.4999297895410564e-06
5.759660243988037,0.6974326968193054,0.21804383397102356,14.078248023986816,-0.0416666679084301,0.1922934353351593,0.2601809501647949,-0.6974326968193054,-0.21804383397102356,14.078248023986816,0.010336111299693584,-0.1922934353351593,-0.2601809501647949,-0.6040185689926147,3.1743831634521484,0.11912637948989868,15.517107009887695,3.505415678024292,5.759660243988037,0.6040185689926147,2,0.25,4,0.11666667461395264,0.4166666865348816,-3.1743831634521484,15.517107009887695,-3.505415678024292,contact_qp_grid,0.04,10,M8b,0,0.6,1.0,topk_sample,1,ETFSCSPTNFGNFLVCYIWFPIPP,3.4999297895410564e-06
8.781610488891602,0.5292700529098511,0.17250382900238037,16.046510696411133,-0.0416666679084301,0.12417934834957123,0.21028324961662292,-0.5292700529098511,-0.17250382900238037,16.046510696411133,0.010336111299693584,-0.12417934834957123,-0.21028324961662292,-0.5098909735679626,3.5344905853271484,0.20034149289131165,16.288528442382812,3.1170544624328613,8.781610488891602,0.5098909735679626,3,0.25,4,0.19999998807907104,0.5,-3.5344905853271484,16.288528442382812,-3.1170544624328613,contact_qp_grid,0.04,10,M8b,0,0.6,1.0,topk_sample,1,ATMSVSPTNDGGKLVVFIWFPIAD,3.4999297895410564e-06
11.564586639404297,0.3044642508029938,0.07422221451997757,18.50405502319336,-0.125,0.0,0.10061787068843842,-0.3044642508029938,-0.07422221451997757,18.50405502319336,0.03422500193119049,-0.0,-0.10061787068843842,-0.42491352558135986,3.7129201889038086,0.24179264903068542,16.367305755615234,3.226473808288574,11.564586639404297,0.42491352558135986,4,0.25,4,0.24166667461395264,0.5416666865348816,-3.7129201889038086,16.367305755615234,-3.226473808288574,contact_qp_grid,0.04,10,M8b,0,0.6,1.0,topk_sample,1,AFFTCDPYNDGGFLVSYIWFPIAD,3.4999297895410564e-06
7.27944803237915,0.6067053079605103,0.1220281720161438,16.26708221435547,-0.0833333358168602,0.07146702706813812,0.12433445453643799,-0.6067053079605103,-0.1220281720161438,16.26708221435547,0.020544443279504776,-0.07146702706813812,-0.12433445453643799,-0.5302487015724182,3.4858412742614746,0.15925517678260803,17.17266273498535,3.1057350635528564,7.27944803237915,0.5302487015724182,5,0.25,4,0.15833333134651184,0.4583333432674408,-3.4858412742614746,17.17266273498535,-3.1057350635528564,contact_qp_grid,0.04,10,M8b,0,0.6,1.0,topk_sample,1,CFMSCSCTNDGGFLVCYMWFPLAD,3.4999297895410564e-06
7.025508880615234,0.641220211982727,0.3356775939464569,11.911664962768555,-0.0833333358168602,0.19426649808883667,0.5117932558059692,-0.641220211982727,-0.3356775939464569,11.911664962768555,0.020544443279504776,-0.19426649808883667,-0.5117932558059692,-0.6200494766235352,2.5975139141082764,0.15925517678260803,13.306135177612305,3.430264711380005,7.025508880615234,0.6200494766235352,6,0.25,4,0.15833333134651184,0.4583333432674408,-2.5975139141082764,13.306135177612305,-3.430264711380005,contact_qp_grid,0.04,10,M8b,0,0.6,1.0,topk_sample,1,CFMSCDPKNFGNFMWCTIWFEIID,3.4999297895410564e-06
8.317383766174316,0.5294234752655029,0.18324723839759827,14.87865161895752,0.0,0.09100186824798584,0.1902775764465332,-0.5294234752655029,-0.18324723839759827,14.87865161895752,0.003599999938160181,-0.09100186824798584,-0.1902775764465332,-0.5189453363418579,3.5889832973480225,0.08137406408786774,15.537238121032715,3.308016777038574,8.317383766174316,0.5189453363418579,7,0.25,4,0.07499998807907104,0.375,-3.5889832973480225,15.537238121032715,-3.308016777038574,contact_qp_grid,0.04,10,M8b,0,0.6,1.0,topk_sample,1,EDMSVSPKRFGGKLVVYITFPPPD,3.4999297895410564e-06
10.846678733825684,0.4838402569293976,0.3677590787410736,14.398201942443848,-0.0416666679084301,0.16247406601905823,0.41473090648651123,-0.4838402569293976,-0.3677590787410736,14.398201942443848,0.010336111299693584,-0.16247406601905823,-0.41473090648651123,-0.5622397065162659,2.925424337387085,0.024922456592321396,13.626699447631836,3.292924404144287,10.846678733825684,0.5622397065162659,0,0.0,0,-0.008333325386047363,0.2916666865348816,-2.925424337387085,13.626699447631836,-3.292924404144287,contact_qp_grid_contact_first,0.04,10,M8f,0,0.6,1.0,argmax,1,ETMNPGPHNFPGRPWVTITFPPLD,3.4999297895410564e-06
3.6706526279449463,0.8349995613098145,0.6255578398704529,6.152700901031494,-0.015351954847574234,0.3153231143951416,0.7832872867584229,-0.8349995613098145,-0.6255578398704529,6.152700901031494,0.005677917040884495,-0.3153231143951416,-0.7832872867584229,-0.8201345801353455,2.0055813789367676,0.07641761004924774,8.14916706085205,3.2945470809936523,3.6706526279449463,0.8201345801353455,0,0.0,0,0.06916430592536926,0.3691643178462982,-2.0055813789367676,8.14916706085205,-3.2945470809936523,contact_qp_grid_contact_first,0.04,10,M8f,0,0.6,1.0,soft,1,ETMNPGPHNFPGRPWVTITFPPLD,2.024824619293213
10.976274490356445,0.4972466230392456,0.45234450697898865,14.082539558410645,-0.125,0.20710936188697815,0.47236141562461853,-0.4972466230392456,-0.45234450697898865,14.082539558410645,0.03422500193119049,-0.20710936188697815,-0.47236141562461853,-0.6007691621780396,2.908442258834839,0.04879586026072502,12.788893699645996,3.1764028072357178,10.976274490356445,0.6007691621780396,0,0.25,4,0.03333333134651184,0.3333333432674408,-2.908442258834839,12.788893699645996,-3.1764028072357178,contact_qp_grid_contact_first,0.04,10,M8f,0,0.6,1.0,topk_sample,1,ETIDPSPHNFPGIPMVTITFPPLE,3.4999297895410564e-06
9.367694854736328,0.5396498441696167,0.4577780067920685,12.611035346984863,0.0,0.21501654386520386,0.5237843990325928,-0.5396498441696167,-0.4577780067920685,12.611035346984863,0.003599999938160181,-0.21501654386520386,-0.5237843990325928,-0.6215239763259888,2.6698265075683594,0.024922456592321396,12.41440200805664,3.4196555614471436,9.367694854736328,0.6215239763259888,1,0.25,4,-0.008333325386047363,0.2916666865348816,-2.6698265075683594,12.41440200805664,-3.4196555614471436,contact_qp_grid_contact_first,0.04,10,M8f,0,0.6,1.0,topk_sample,1,ETMNPSTYNFPGRNFMTITFPPPG,3.4999297895410564e-06
11.767571449279785,0.45196035504341125,0.3897387385368347,14.6304931640625,-0.0833333358168602,0.17127574980258942,0.41993385553359985,-0.45196035504341125,-0.3897387385368347,14.6304931640625,0.020544443279504776,-0.17127574980258942,-0.41993385553359985,-0.5731116533279419,3.020050048828125,0.024922456592321396,13.682487487792969,3.207120180130005,11.767571449279785,0.5731116533279419,2,0.25,4,-0.008333325386047363,0.2916666865348816,-3.020050048828125,13.682487487792969,-3.207120180130005,contact_qp_grid_contact_first,0.04,10,M8f,0,0.6,1.0,topk_sample,1,ETINPGPHNFPEVPWMTITWPPPG,3.4999297895410564e-06
9.503442764282227,0.5118064880371094,0.3884392976760864,13.336859703063965,0.0,0.17305034399032593,0.45184797048568726,-0.5118064880371094,-0.3884392976760864,13.336859703063965,0.003599999938160181,-0.17305034399032593,-0.45184797048568726,-0.5778329968452454,2.8394477367401123,0.024922456592321396,12.981592178344727,3.3361151218414307,9.503442764282227,0.5778329968452454,3,0.25,4,-0.008333325386047363,0.2916666865348816,-2.8394477367401123,12.981592178344727,-3.3361151218414307,contact_qp_grid_contact_first,0.04,10,M8f,0,0.6,1.0,topk_sample,1,CTMNSGPHNFPGRPWVTITFPPAD,3.4999297895410564e-06
8.232586860656738,0.588810920715332,0.40526604652404785,11.809883117675781,-0.0833333358168602,0.1816934496164322,0.5235661268234253,-0.588810920715332,-0.40526604652404785,11.809883117675781,0.020544443279504776,-0.1816934496164322,-0.5235661268234253,-0.6147234439849854,2.6574840545654297,0.04879586026072502,12.463366508483887,3.1915838718414307,8.232586860656738,0.6147234439849854,4,0.25,4,0.03333333134651184,0.3333333432674408,-2.6574840545654297,12.463366508483887,-3.1915838718414307,contact_qp_grid_contact_first,0.04,10,M8f,0,0.6,1.0,topk_sample,1,CTIDPSPGNFPGVPWITITFPPLD,3.4999297895410564e-06
9.794013023376465,0.47066831588745117,0.2992795407772064,14.394412994384766,-0.0416666679084301,0.14485770463943481,0.33771246671676636,-0.47066831588745117,-0.2992795407772064,14.394412994384766,0.010336111299693584,-0.14485770463943481,-0.33771246671676636,-0.5251836776733398,3.1398472785949707,0.08137406408786774,14.49111270904541,3.5676047801971436,9.794013023376465,0.5251836776733398,5,0.25,4,0.07499998807907104,0.375,-3.1398472785949707,14.49111270904541,-3.5676047801971436,contact_qp_grid_contact_first,0.04,10,M8f,0,0.6,1.0,topk_sample,1,MPMNPGTHNFPGVPWMTITFPPLD,3.4999297895410564e-06
11.79532241821289,0.47346585988998413,0.40631917119026184,15.636690139770508,-0.125,0.18489448726177216,0.43246322870254517,-0.47346585988998413,-0.40631917119026184,15.636690139770508,0.03422500193119049,-0.18489448726177216,-0.43246322870254517,-0.5991289615631104,2.9105329513549805,0.04879586026072502,14.031291961669922,3.394131898880005,11.79532241821289,0.5991289615631104,6,0.25,4,0.03333333134651184,0.3333333432674408,-2.9105329513549805,14.031291961669922,-3.394131898880005,contact_qp_grid_contact_first,0.04,10,M8f,0,0.6,1.0,topk_sample,1,EPMNPNTYNGPEVVVMTITFPPND,3.4999297895410564e-06
11.514470100402832,0.46427035331726074,0.34358400106430054,15.27470588684082,-0.0416666679084301,0.147368922829628,0.3592294454574585,-0.46427035331726074,-0.34358400106430054,15.27470588684082,0.010336111299693584,-0.147368922829628,-0.3592294454574585,-0.5448547005653381,3.0875654220581055,0.010970099829137325,13.982796669006348,3.362393617630005,11.514470100402832,0.5448547005653381,7,0.25,4,-0.050000011920928955,0.25,-3.0875654220581055,13.982796669006348,-3.362393617630005,contact_qp_grid_contact_first,0.04,10,M8f,0,0.6,1.0,topk_sample,1,ETMNPGPYEGPNRPWVTITFPPPP,3.4999297895410564e-06
10.846678733825684,0.4838402569293976,0.3677590787410736,14.398201942443848,-0.0416666679084301,0.16247406601905823,0.41473090648651123,-0.4838402569293976,-0.3677590787410736,14.398201942443848,0.010336111299693584,-0.16247406601905823,-0.41473090648651123,-0.5622397065162659,2.925424337387085,0.024922456592321396,13.626699447631836,3.292924404144287,10.846678733825684,0.5622397065162659,0,0.0,0,-0.008333325386047363,0.2916666865348816,-2.925424337387085,13.626699447631836,-3.292924404144287,contact_qp_grid_contact_first,0.06,10,M8g,0,0.6,1.0,argmax,1,ETMNPGPHNFPGRPWVTITFPPLD,3.4999297895410564e-06
3.6706526279449463,0.8349995613098145,0.6255578398704529,6.152700901031494,-0.015351954847574234,0.3153231143951416,0.7832872867584229,-0.8349995613098145,-0.6255578398704529,6.152700901031494,0.005677917040884495,-0.3153231143951416,-0.7832872867584229,-0.8201345801353455,2.0055813789367676,0.07641761004924774,8.14916706085205,3.2945470809936523,3.6706526279449463,0.8201345801353455,0,0.0,0,0.06916430592536926,0.3691643178462982,-2.0055813789367676,8.14916706085205,-3.2945470809936523,contact_qp_grid_contact_first,0.06,10,M8g,0,0.6,1.0,soft,1,ETMNPGPHNFPGRPWVTITFPPLD,2.024824619293213
10.976274490356445,0.4972466230392456,0.45234450697898865,14.082539558410645,-0.125,0.20710936188697815,0.47236141562461853,-0.4972466230392456,-0.45234450697898865,14.082539558410645,0.03422500193119049,-0.20710936188697815,-0.47236141562461853,-0.6007691621780396,2.908442258834839,0.04879586026072502,12.788893699645996,3.1764028072357178,10.976274490356445,0.6007691621780396,0,0.25,4,0.03333333134651184,0.3333333432674408,-2.908442258834839,12.788893699645996,-3.1764028072357178,contact_qp_grid_contact_first,0.06,10,M8g,0,0.6,1.0,topk_sample,1,ETIDPSPHNFPGIPMVTITFPPLE,3.4999297895410564e-06
9.367694854736328,0.5396498441696167,0.4577780067920685,12.611035346984863,0.0,0.21501654386520386,0.5237843990325928,-0.5396498441696167,-0.4577780067920685,12.611035346984863,0.003599999938160181,-0.21501654386520386,-0.5237843990325928,-0.6215239763259888,2.6698265075683594,0.024922456592321396,12.41440200805664,3.4196555614471436,9.367694854736328,0.6215239763259888,1,0.25,4,-0.008333325386047363,0.2916666865348816,-2.6698265075683594,12.41440200805664,-3.4196555614471436,contact_qp_grid_contact_first,0.06,10,M8g,0,0.6,1.0,topk_sample,1,ETMNPSTYNFPGRNFMTITFPPPG,3.4999297895410564e-06
11.767571449279785,0.45196035504341125,0.3897387385368347,14.6304931640625,-0.0833333358168602,0.17127574980258942,0.41993385553359985,-0.45196035504341125,-0.3897387385368347,14.6304931640625,0.020544443279504776,-0.17127574980258942,-0.41993385553359985,-0.5731116533279419,3.020050048828125,0.024922456592321396,13.682487487792969,3.207120180130005,11.767571449279785,0.5731116533279419,2,0.25,4,-0.008333325386047363,0.2916666865348816,-3.020050048828125,13.682487487792969,-3.207120180130005,contact_qp_grid_contact_first,0.06,10,M8g,0,0.6,1.0,topk_sample,1,ETINPGPHNFPEVPWMTITWPPPG,3.4999297895410564e-06
9.503442764282227,0.5118064880371094,0.3884392976760864,13.336859703063965,0.0,0.17305034399032593,0.45184797048568726,-0.5118064880371094,-0.3884392976760864,13.336859703063965,0.003599999938160181,-0.17305034399032593,-0.45184797048568726,-0.5778329968452454,2.8394477367401123,0.024922456592321396,12.981592178344727,3.3361151218414307,9.503442764282227,0.5778329968452454,3,0.25,4,-0.008333325386047363,0.2916666865348816,-2.8394477367401123,12.981592178344727,-3.3361151218414307,contact_qp_grid_contact_first,0.06,10,M8g,0,0.6,1.0,topk_sample,1,CTMNSGPHNFPGRPWVTITFPPAD,3.4999297895410564e-06
8.232586860656738,0.588810920715332,0.40526604652404785,11.809883117675781,-0.0833333358168602,0.1816934496164322,0.5235661268234253,-0.588810920715332,-0.40526604652404785,11.809883117675781,0.020544443279504776,-0.1816934496164322,-0.5235661268234253,-0.6147234439849854,2.6574840545654297,0.04879586026072502,12.463366508483887,3.1915838718414307,8.232586860656738,0.6147234439849854,4,0.25,4,0.03333333134651184,0.3333333432674408,-2.6574840545654297,12.463366508483887,-3.1915838718414307,contact_qp_grid_contact_first,0.06,10,M8g,0,0.6,1.0,topk_sample,1,CTIDPSPGNFPGVPWITITFPPLD,3.4999297895410564e-06
9.794013023376465,0.47066831588745117,0.2992795407772064,14.394412994384766,-0.0416666679084301,0.14485770463943481,0.33771246671676636,-0.47066831588745117,-0.2992795407772064,14.394412994384766,0.010336111299693584,-0.14485770463943481,-0.33771246671676636,-0.5251836776733398,3.1398472785949707,0.08137406408786774,14.49111270904541,3.5676047801971436,9.794013023376465,0.5251836776733398,5,0.25,4,0.07499998807907104,0.375,-3.1398472785949707,14.49111270904541,-3.5676047801971436,contact_qp_grid_contact_first,0.06,10,M8g,0,0.6,1.0,topk_sample,1,MPMNPGTHNFPGVPWMTITFPPLD,3.4999297895410564e-06
11.79532241821289,0.47346585988998413,0.40631917119026184,15.636690139770508,-0.125,0.18489448726177216,0.43246322870254517,-0.47346585988998413,-0.40631917119026184,15.636690139770508,0.03422500193119049,-0.18489448726177216,-0.43246322870254517,-0.5991289615631104,2.9105329513549805,0.04879586026072502,14.031291961669922,3.394131898880005,11.79532241821289,0.5991289615631104,6,0.25,4,0.03333333134651184,0.3333333432674408,-2.9105329513549805,14.031291961669922,-3.394131898880005,contact_qp_grid_contact_first,0.06,10,M8g,0,0.6,1.0,topk_sample,1,EPMNPNTYNGPEVVVMTITFPPND,3.4999297895410564e-06
11.514470100402832,0.46427035331726074,0.34358400106430054,15.27470588684082,-0.0416666679084301,0.147368922829628,0.3592294454574585,-0.46427035331726074,-0.34358400106430054,15.27470588684082,0.010336111299693584,-0.147368922829628,-0.3592294454574585,-0.5448547005653381,3.0875654220581055,0.010970099829137325,13.982796669006348,3.362393617630005,11.514470100402832,0.5448547005653381,7,0.25,4,-0.050000011920928955,0.25,-3.0875654220581055,13.982796669006348,-3.362393617630005,contact_qp_grid_contact_first,0.06,10,M8g,0,0.6,1.0,topk_sample,1,ETMNPGPYEGPNRPWVTITFPPPP,3.4999297895410564e-06
12.593568801879883,0.3101270794868469,0.08694812655448914,18.909502029418945,-0.0833333358168602,0.0,0.09461693465709686,-0.3101270794868469,-0.08694812655448914,18.909502029418945,0.020544443279504776,-0.0,-0.09461693465709686,-0.4079208970069885,3.763375997543335,0.11912637948989868,18.15703773498535,3.266202211380005,12.593568801879883,0.4079208970069885,0,0.0,0,0.11666667461395264,0.4166666865348816,-3.763375997543335,18.15703773498535,-3.266202211380005,contact_qp_grid,0.04,20,M8h,0,0.6,1.0,argmax,1,ETMSCSPTNDGGKLVVYIWFPIAD,3.4999297895410564e-06
4.014278411865234,0.7832198143005371,0.5072904825210571,7.501391887664795,-0.0386505126953125,0.2551630437374115,0.7004069089889526,-0.7832198143005371,-0.5072904825210571,7.501391887664795,0.009731924161314964,-0.2551630437374115,-0.7004069089889526,-0.7741569876670837,2.1684513092041016,0.09273295104503632,10.711134910583496,3.295485496520996,4.014278411865234,0.7741569876670837,0,0.0,0,0.08797073364257812,0.3879707455635071,-2.1684513092041016,10.711134910583496,-3.295485496520996,contact_qp_grid,0.04,20,M8h,0,0.6,1.0,soft,1,ETMSCSPTNDGGKLVVYIWFPIAD,2.0473268032073975
11.000322341918945,0.44002556800842285,0.3576875925064087,15.3657808303833,-0.1666666716337204,0.15340948104858398,0.3576875925064087,-0.44002556800842285,-0.3576875925064087,15.3657808303833,0.051377780735492706,-0.15340948104858398,-0.3576875925064087,-0.5142316222190857,3.1744236946105957,0.08137406408786774,13.093277931213379,3.0919744968414307,11.000322341918945,0.5142316222190857,0,0.25,4,0.07499998807907104,0.375,-3.1744236946105957,13.093277931213379,-3.0919744968414307,contact_qp_grid,0.04,20,M8h,0,0.6,1.0,topk_sample,1,EDFTCDPTNDGGKLISYIWFPIAE,3.4999297895410564e-06
12.253721237182617,0.2968827486038208,0.08078522235155106,18.56936264038086,-0.125,0.0,0.10546274483203888,-0.2968827486038208,-0.08078522235155106,18.56936264038086,0.03422500193119049,-0.0,-0.10546274483203888,-0.417655885219574,3.762268543243408,0.010970099829137325,17.16057014465332,3.268599271774292,12.253721237182617,0.417655885219574,1,0.25,4,-0.050000011920928955,0.25,-3.762268543243408,17.16057014465332,-3.268599271774292,contact_qp_grid,0.04,20,M8h,0,0.6,1.0,topk_sample,1,EDMSCDCTNDGGKVPSYIWFPPPP,3.4999297895410564e-06
5.759660243988037,0.6974326968193054,0.21804383397102356,14.078248023986816,-0.0416666679084301,0.1922934353351593,0.2601809501647949,-0.6974326968193054,-0.21804383397102356,14.078248023986816,0.010336111299693584,-0.1922934353351593,-0.2601809501647949,-0.6040185689926147,3.1743831634521484,0.11912637948989868,15.517107009887695,3.505415678024292,5.759660243988037,0.6040185689926147,2,0.25,4,0.11666667461395264,0.4166666865348816,-3.1743831634521484,15.517107009887695,-3.505415678024292,contact_qp_grid,0.04,20,M8h,0,0.6,1.0,topk_sample,1,ETFSCSPTNFGNFLVCYIWFPIPP,3.4999297895410564e-06
8.781610488891602,0.5292700529098511,0.17250382900238037,16.046510696411133,-0.0416666679084301,0.12417934834957123,0.21028324961662292,-0.5292700529098511,-0.17250382900238037,16.046510696411133,0.010336111299693584,-0.12417934834957123,-0.21028324961662292,-0.5098909735679626,3.5344905853271484,0.20034149289131165,16.288528442382812,3.1170544624328613,8.781610488891602,0.5098909735679626,3,0.25,4,0.19999998807907104,0.5,-3.5344905853271484,16.288528442382812,-3.1170544624328613,contact_qp_grid,0.04,20,M8h,0,0.6,1.0,topk_sample,1,ATMSVSPTNDGGKLVVFIWFPIAD,3.4999297895410564e-06
11.564586639404297,0.3044642508029938,0.07422221451997757,18.50405502319336,-0.125,0.0,0.10061787068843842,-0.3044642508029938,-0.07422221451997757,18.50405502319336,0.03422500193119049,-0.0,-0.10061787068843842,-0.42491352558135986,3.7129201889038086,0.24179264903068542,16.367305755615234,3.226473808288574,11.564586639404297,0.42491352558135986,4,0.25,4,0.24166667461395264,0.5416666865348816,-3.7129201889038086,16.367305755615234,-3.226473808288574,contact_qp_grid,0.04,20,M8h,0,0.6,1.0,topk_sample,1,AFFTCDPYNDGGFLVSYIWFPIAD,3.4999297895410564e-06
7.27944803237915,0.6067053079605103,0.1220281720161438,16.26708221435547,-0.0833333358168602,0.07146702706813812,0.12433445453643799,-0.6067053079605103,-0.1220281720161438,16.26708221435547,0.020544443279504776,-0.07146702706813812,-0.12433445453643799,-0.5302487015724182,3.4858412742614746,0.15925517678260803,17.17266273498535,3.1057350635528564,7.27944803237915,0.5302487015724182,5,0.25,4,0.15833333134651184,0.4583333432674408,-3.4858412742614746,17.17266273498535,-3.1057350635528564,contact_qp_grid,0.04,20,M8h,0,0.6,1.0,topk_sample,1,CFMSCSCTNDGGFLVCYMWFPLAD,3.4999297895410564e-06
7.025508880615234,0.641220211982727,0.3356775939464569,11.911664962768555,-0.0833333358168602,0.19426649808883667,0.5117932558059692,-0.641220211982727,-0.3356775939464569,11.911664962768555,0.020544443279504776,-0.19426649808883667,-0.5117932558059692,-0.6200494766235352,2.5975139141082764,0.15925517678260803,13.306135177612305,3.430264711380005,7.025508880615234,0.6200494766235352,6,0.25,4,0.15833333134651184,0.4583333432674408,-2.5975139141082764,13.306135177612305,-3.430264711380005,contact_qp_grid,0.04,20,M8h,0,0.6,1.0,topk_sample,1,CFMSCDPKNFGNFMWCTIWFEIID,3.4999297895410564e-06
8.317383766174316,0.5294234752655029,0.18324723839759827,14.87865161895752,0.0,0.09100186824798584,0.1902775764465332,-0.5294234752655029,-0.18324723839759827,14.87865161895752,0.003599999938160181,-0.09100186824798584,-0.1902775764465332,-0.5189453363418579,3.5889832973480225,0.08137406408786774,15.537238121032715,3.308016777038574,8.317383766174316,0.5189453363418579,7,0.25,4,0.07499998807907104,0.375,-3.5889832973480225,15.537238121032715,-3.308016777038574,contact_qp_grid,0.04,20,M8h,0,0.6,1.0,topk_sample,1,EDMSVSPKRFGGKLVVYITFPPPD,3.4999297895410564e-06
